Chidamber-Kemerer metrics,Sun, 4 Dec 2022 00:22:17 WET
Class,CBO,DIT,LCOM,NOC,RFC,WMC
biz.ganttproject.core.calendar.AlwaysWorkingTimeCalendarImpl,13,2,17,1,27,20
biz.ganttproject.core.calendar.CalendarActivityImpl,3,1,3,0,5,6
biz.ganttproject.core.calendar.CalendarEvent,6,1,4,0,10,9
biz.ganttproject.core.calendar.CalendarEvent.Type,3,n/a,2,n/a,2,0
biz.ganttproject.core.calendar.GPCalendar,n/a,n/a,n/a,n/a,14,n/a
biz.ganttproject.core.calendar.GPCalendar.DayMask,n/a,n/a,n/a,n/a,0,n/a
biz.ganttproject.core.calendar.GPCalendar.DayType,5,n/a,2,n/a,2,0
biz.ganttproject.core.calendar.GPCalendarActivity,n/a,n/a,n/a,n/a,3,n/a
biz.ganttproject.core.calendar.GPCalendarBase,11,1,4,2,31,26
biz.ganttproject.core.calendar.GPCalendarCalc,n/a,n/a,n/a,n/a,9,n/a
biz.ganttproject.core.calendar.GPCalendarCalc.MoveDirection,3,n/a,2,n/a,2,0
biz.ganttproject.core.calendar.GPCalendarListener,n/a,n/a,n/a,n/a,1,n/a
biz.ganttproject.core.calendar.GanttDaysOff,2,1,1,0,24,12
biz.ganttproject.core.calendar.ImportCalendarOption,5,3,0,0,5,2
biz.ganttproject.core.calendar.ImportCalendarOption.Values,2,n/a,2,n/a,5,1
biz.ganttproject.core.calendar.WeekendCalendarImpl,21,2,3,1,65,63
biz.ganttproject.core.calendar.WeekendCalendarImplTest,0,3,1,0,22,8
biz.ganttproject.core.calendar.walker.ForwardTimeWalker,7,1,1,2,11,5
biz.ganttproject.core.calendar.walker.WorkingUnitCounter,6,2,1,0,12,7
biz.ganttproject.core.chart.canvas.Canvas,19,1,1,0,60,37
biz.ganttproject.core.chart.canvas.Canvas.Arrow,4,2,2,0,3,3
biz.ganttproject.core.chart.canvas.Canvas.HAlignment,3,n/a,2,n/a,2,0
biz.ganttproject.core.chart.canvas.Canvas.Label,6,1,1,0,4,4
biz.ganttproject.core.chart.canvas.Canvas.Line,9,2,5,0,7,7
biz.ganttproject.core.chart.canvas.Canvas.Polygon,10,2,4,1,16,14
biz.ganttproject.core.chart.canvas.Canvas.Rectangle,9,3,1,0,4,3
biz.ganttproject.core.chart.canvas.Canvas.Shape,16,1,7,4,18,16
biz.ganttproject.core.chart.canvas.Canvas.Text,13,2,5,0,23,21
biz.ganttproject.core.chart.canvas.Canvas.TextGroup,8,1,3,0,25,16
biz.ganttproject.core.chart.canvas.Canvas.VAlignment,3,n/a,2,n/a,2,0
biz.ganttproject.core.chart.canvas.DummySpatialIndex,3,1,1,0,9,7
biz.ganttproject.core.chart.canvas.DummySpatialIndex.Rect,1,1,0,0,2,2
biz.ganttproject.core.chart.canvas.FontChooser,4,1,1,0,32,18
biz.ganttproject.core.chart.canvas.FontChooserTest,0,3,1,0,19,7
biz.ganttproject.core.chart.canvas.Painter,n/a,n/a,n/a,n/a,6,n/a
biz.ganttproject.core.chart.canvas.SpatialIndex,n/a,n/a,n/a,n/a,3,n/a
biz.ganttproject.core.chart.canvas.TextMetrics,n/a,n/a,n/a,n/a,4,n/a
biz.ganttproject.core.chart.canvas.TextSelector,n/a,n/a,n/a,n/a,1,n/a
biz.ganttproject.core.chart.grid.Offset,18,1,7,0,22,16
biz.ganttproject.core.chart.grid.OffsetBuilder,n/a,n/a,n/a,n/a,1,n/a
biz.ganttproject.core.chart.grid.OffsetBuilder.Factory,7,1,10,1,15,15
biz.ganttproject.core.chart.grid.OffsetBuilderImpl,15,1,1,0,29,27
biz.ganttproject.core.chart.grid.OffsetBuilderImpl.FactoryImpl,3,2,1,0,3,1
biz.ganttproject.core.chart.grid.OffsetBuilderImpl.OffsetStep,1,1,0,0,0,0
biz.ganttproject.core.chart.grid.OffsetList,11,4,2,0,10,6
biz.ganttproject.core.chart.grid.OffsetLookup,9,1,1,0,14,21
biz.ganttproject.core.chart.grid.OffsetLookup.ComparatorBy,n/a,n/a,n/a,n/a,1,n/a
biz.ganttproject.core.chart.grid.OffsetLookup.ComparatorByEndDate,3,1,1,0,4,1
biz.ganttproject.core.chart.grid.OffsetLookup.ComparatorByPixels,3,1,1,0,4,4
biz.ganttproject.core.chart.grid.OffsetLookup.ComparatorByStartDate,3,1,1,0,4,1
biz.ganttproject.core.chart.grid.OffsetManager,5,1,1,0,16,15
biz.ganttproject.core.chart.grid.OffsetManager.OffsetBuilderFactory,n/a,n/a,n/a,n/a,2,n/a
biz.ganttproject.core.chart.render.AlphaRenderingOption,5,3,1,0,10,7
biz.ganttproject.core.chart.render.LineRenderer,7,1,1,0,23,6
biz.ganttproject.core.chart.render.PolygonRenderer,5,1,1,0,14,5
biz.ganttproject.core.chart.render.RectangleRenderer,10,1,1,0,41,13
biz.ganttproject.core.chart.render.ShapeConstants,2,1,0,0,1,0
biz.ganttproject.core.chart.render.ShapePaint,5,2,4,0,22,23
biz.ganttproject.core.chart.render.Style,15,1,7,0,41,38
biz.ganttproject.core.chart.render.Style.BackgroundImage,2,1,2,0,14,12
biz.ganttproject.core.chart.render.Style.Border,6,1,3,0,9,8
biz.ganttproject.core.chart.render.Style.Borders,5,1,1,0,12,10
biz.ganttproject.core.chart.render.Style.Color,6,1,2,0,4,4
biz.ganttproject.core.chart.render.Style.Padding,3,1,2,0,16,11
biz.ganttproject.core.chart.render.Style.Visibility,3,n/a,2,n/a,2,0
biz.ganttproject.core.chart.render.TextLengthCalculatorImpl,3,1,1,0,18,9
biz.ganttproject.core.chart.render.TextLengthCalculatorImpl.State,1,1,0,0,6,4
biz.ganttproject.core.chart.render.TextPainter,14,1,1,0,52,23
biz.ganttproject.core.chart.scene.AbstractSceneBuilder,5,1,1,4,8,6
biz.ganttproject.core.chart.scene.BarChartActivity,n/a,n/a,n/a,n/a,4,n/a
biz.ganttproject.core.chart.scene.BarChartConnector,n/a,n/a,n/a,n/a,5,n/a
biz.ganttproject.core.chart.scene.BottomUnitSceneBuilder,15,2,1,0,21,16
biz.ganttproject.core.chart.scene.BottomUnitSceneBuilder.InputApi,n/a,n/a,n/a,n/a,3,n/a
biz.ganttproject.core.chart.scene.DayGridSceneBuilder,13,2,1,0,36,24
biz.ganttproject.core.chart.scene.DayGridSceneBuilder.InputApi,n/a,n/a,n/a,n/a,9,n/a
biz.ganttproject.core.chart.scene.SceneBuilder,n/a,n/a,n/a,n/a,3,n/a
biz.ganttproject.core.chart.scene.TimelineSceneBuilder,16,2,1,0,29,14
biz.ganttproject.core.chart.scene.TimelineSceneBuilder.InputApi,n/a,n/a,n/a,n/a,9,n/a
biz.ganttproject.core.chart.scene.gantt.ChartBoundsAlgorithm,2,1,1,0,6,4
biz.ganttproject.core.chart.scene.gantt.ChartBoundsAlgorithm.Result,1,1,0,0,1,1
biz.ganttproject.core.chart.scene.gantt.Connector,2,1,3,0,4,4
biz.ganttproject.core.chart.scene.gantt.Connector.Vector,2,1,2,0,15,8
biz.ganttproject.core.chart.scene.gantt.DependencySceneBuilder,11,1,1,0,41,24
biz.ganttproject.core.chart.scene.gantt.DependencySceneBuilder.ChartApi,n/a,n/a,n/a,n/a,1,n/a
biz.ganttproject.core.chart.scene.gantt.DependencySceneBuilder.TaskApi,n/a,n/a,n/a,n/a,5,n/a
biz.ganttproject.core.chart.scene.gantt.TaskActivitySceneBuilder,14,1,1,0,49,24
biz.ganttproject.core.chart.scene.gantt.TaskActivitySceneBuilder.ChartApi,n/a,n/a,n/a,n/a,7,n/a
biz.ganttproject.core.chart.scene.gantt.TaskActivitySceneBuilder.Style,1,1,0,0,1,1
biz.ganttproject.core.chart.scene.gantt.TaskActivitySceneBuilder.StyleApplier,6,1,1,0,12,8
biz.ganttproject.core.chart.scene.gantt.TaskActivitySceneBuilder.TaskApi,n/a,n/a,n/a,n/a,10,n/a
biz.ganttproject.core.chart.scene.gantt.TaskLabelSceneBuilder,12,1,1,0,43,30
biz.ganttproject.core.chart.scene.gantt.TaskLabelSceneBuilder.InputApi,n/a,n/a,n/a,n/a,5,n/a
biz.ganttproject.core.chart.scene.gantt.TaskLabelSceneBuilder.TaskApi,n/a,n/a,n/a,n/a,1,n/a
biz.ganttproject.core.chart.text.CachingTextFormatter,11,1,2,5,14,7
biz.ganttproject.core.chart.text.DayTextFormatter,7,2,2,0,7,3
biz.ganttproject.core.chart.text.MonthTextFormatter,5,2,1,0,8,4
biz.ganttproject.core.chart.text.QuarterTextFormatter,5,2,1,0,6,2
biz.ganttproject.core.chart.text.TimeFormatter,n/a,n/a,n/a,n/a,3,n/a
biz.ganttproject.core.chart.text.TimeFormatters,13,1,1,0,16,10
biz.ganttproject.core.chart.text.TimeFormatters.LocaleApi,n/a,n/a,n/a,n/a,4,n/a
biz.ganttproject.core.chart.text.TimeUnitText,13,1,1,0,10,9
biz.ganttproject.core.chart.text.TimeUnitText.Position,5,n/a,2,n/a,2,0
biz.ganttproject.core.chart.text.WeekTextFormatter,6,2,2,0,19,6
biz.ganttproject.core.chart.text.YearTextFormatter,5,2,1,0,7,2
biz.ganttproject.core.model.task.TaskDefaultColumn,4,n/a,6,n/a,22,17
biz.ganttproject.core.model.task.TaskDefaultColumn.Functions,1,1,0,0,0,2
biz.ganttproject.core.model.task.TaskDefaultColumn.LocaleApi,n/a,n/a,n/a,n/a,1,n/a
biz.ganttproject.core.option.BooleanOption,n/a,n/a,n/a,n/a,2,n/a
biz.ganttproject.core.option.ChangeValueEvent,3,1,4,0,6,6
biz.ganttproject.core.option.ChangeValueListener,n/a,n/a,n/a,n/a,1,n/a
biz.ganttproject.core.option.ColorOption,n/a,n/a,n/a,n/a,0,n/a
biz.ganttproject.core.option.ColorOption.Util,3,1,2,0,14,6
biz.ganttproject.core.option.DateOption,n/a,n/a,n/a,n/a,0,n/a
biz.ganttproject.core.option.DefaultBooleanOption,2,2,2,4,15,8
biz.ganttproject.core.option.DefaultColorOption,3,2,2,5,10,6
biz.ganttproject.core.option.DefaultDateOption,4,2,2,6,11,5
biz.ganttproject.core.option.DefaultDoubleOption,2,2,2,2,9,5
biz.ganttproject.core.option.DefaultEnumerationOption,5,2,3,14,30,14
biz.ganttproject.core.option.DefaultFileOption,2,3,0,0,2,1
biz.ganttproject.core.option.DefaultFontOption,4,2,4,2,18,8
biz.ganttproject.core.option.DefaultIntegerOption,2,2,2,1,9,4
biz.ganttproject.core.option.DefaultMoneyOption,2,2,2,0,10,4
biz.ganttproject.core.option.DefaultStringOption,3,2,2,6,8,4
biz.ganttproject.core.option.DoubleOption,n/a,n/a,n/a,n/a,0,n/a
biz.ganttproject.core.option.EnumerationOption,n/a,n/a,n/a,n/a,1,n/a
biz.ganttproject.core.option.FileOption,n/a,n/a,n/a,n/a,0,n/a
biz.ganttproject.core.option.FontOption,n/a,n/a,n/a,n/a,2,n/a
biz.ganttproject.core.option.FontSpec,3,1,1,0,12,8
biz.ganttproject.core.option.FontSpec.Size,3,n/a,3,n/a,4,2
biz.ganttproject.core.option.GPAbstractOption,15,1,8,13,36,28
biz.ganttproject.core.option.GPAbstractOption.I18N,1,1,2,1,2,1
biz.ganttproject.core.option.GPAbstractOption.Listeners,4,1,1,0,7,4
biz.ganttproject.core.option.GPAbstractOption.Listeners.Entry,2,1,1,0,4,3
biz.ganttproject.core.option.GPOption,n/a,n/a,n/a,n/a,19,n/a
biz.ganttproject.core.option.GPOptionChangeListener,n/a,n/a,n/a,n/a,1,n/a
biz.ganttproject.core.option.GPOptionGroup,2,1,4,2,22,21
biz.ganttproject.core.option.IntegerOption,n/a,n/a,n/a,n/a,0,n/a
biz.ganttproject.core.option.ListOption,n/a,n/a,n/a,n/a,7,n/a
biz.ganttproject.core.option.MoneyOption,n/a,n/a,n/a,n/a,0,n/a
biz.ganttproject.core.option.StringOption,n/a,n/a,n/a,n/a,0,n/a
biz.ganttproject.core.option.ValidationException,0,4,0,0,7,4
biz.ganttproject.core.table.ColumnList,n/a,n/a,n/a,n/a,5,n/a
biz.ganttproject.core.table.ColumnList.Column,n/a,n/a,n/a,n/a,10,n/a
biz.ganttproject.core.table.ColumnList.ColumnStub,2,1,6,0,12,12
biz.ganttproject.core.table.ColumnList.Immutable,2,1,1,0,1,6
biz.ganttproject.core.time.CalendarFactory,9,1,1,6,11,5
biz.ganttproject.core.time.CalendarFactory.LocaleApi,n/a,n/a,n/a,n/a,2,n/a
biz.ganttproject.core.time.DateFrameable,n/a,n/a,n/a,n/a,3,n/a
biz.ganttproject.core.time.GanttCalendar,7,3,5,0,35,22
biz.ganttproject.core.time.TimeDuration,n/a,n/a,n/a,n/a,6,n/a
biz.ganttproject.core.time.TimeDurationImpl,4,1,1,0,18,17
biz.ganttproject.core.time.TimeUnit,n/a,n/a,n/a,n/a,4,n/a
biz.ganttproject.core.time.TimeUnitDateFrameableImpl,6,2,1,1,8,4
biz.ganttproject.core.time.TimeUnitFunctionOfDate,n/a,n/a,n/a,n/a,1,n/a
biz.ganttproject.core.time.TimeUnitFunctionOfDateImpl,6,3,2,0,6,3
biz.ganttproject.core.time.TimeUnitFunctionOfDateImpl.ParameterizedTimeUnitImpl,5,1,6,0,22,14
biz.ganttproject.core.time.TimeUnitGraph,9,1,1,0,22,11
biz.ganttproject.core.time.TimeUnitGraph.Composition,3,1,1,0,3,3
biz.ganttproject.core.time.TimeUnitImpl,5,1,6,1,17,13
biz.ganttproject.core.time.TimeUnitPair,4,1,4,0,5,5
biz.ganttproject.core.time.TimeUnitStack,n/a,n/a,n/a,n/a,10,n/a
biz.ganttproject.core.time.TimeUnitStack.Util,2,1,1,0,8,5
biz.ganttproject.core.time.impl.FramerImpl,6,1,1,0,10,6
biz.ganttproject.core.time.impl.GPTimeUnitStack,12,1,4,0,45,46
biz.ganttproject.core.time.impl.GregorianTimeUnitStack,8,1,10,0,18,11
biz.ganttproject.core.time.impl.WeekFramerImpl,5,1,1,0,14,8
biz.ganttproject.core.time.impl.WeekFramerImpl.DefaultCalendarFactory,3,1,1,0,2,1
biz.ganttproject.core.time.impl.WeekFramerImpl.ICalendarFactory,n/a,n/a,n/a,n/a,1,n/a
biz.ganttproject.desktop.DesktopAdapter,1,1,1,0,2,9
biz.ganttproject.desktop.GanttProjectApi,n/a,n/a,n/a,n/a,4,n/a
biz.ganttproject.desktop.QuitResponse,n/a,n/a,n/a,n/a,2,n/a
biz.ganttproject.impex.csv.CsvImportTest,0,3,1,0,21,29
biz.ganttproject.impex.csv.GPCsvExportTest,2,4,2,0,53,11
biz.ganttproject.impex.csv.GPCsvImportTest,3,3,3,0,68,27
biz.ganttproject.impex.csv.GanttCSVExport,26,1,1,0,109,71
biz.ganttproject.impex.csv.GanttCSVOpen,13,1,5,0,51,37
biz.ganttproject.impex.csv.ImporterFromCsvFile,13,2,4,0,25,5
biz.ganttproject.impex.csv.RecordGroup,5,1,5,11,29,20
biz.ganttproject.impex.csv.ResourceRecords,11,2,1,0,34,8
biz.ganttproject.impex.csv.ResourceRecords.ResourceFields,2,n/a,2,n/a,6,2
biz.ganttproject.impex.csv.TaskRecords,21,2,1,0,88,45
biz.ganttproject.impex.csv.TaskRecords.AssignmentColumnSpecImpl,10,1,1,0,13,5
biz.ganttproject.impex.csv.TaskRecords.AssignmentSpec,n/a,n/a,n/a,n/a,1,n/a
biz.ganttproject.impex.csv.TaskRecords.ResourceColumnSpecImpl,7,1,1,0,9,7
biz.ganttproject.impex.csv.TaskRecords.TaskFields,3,n/a,2,n/a,7,3
biz.ganttproject.impex.ical.IcsConverter,1,1,1,0,12,3
biz.ganttproject.impex.ical.IcsConverter.Args,1,1,0,0,0,0
biz.ganttproject.impex.ical.IcsFileImporter,1,2,2,0,43,18
biz.ganttproject.impex.ical.IcsFileImporter.CalendarEditorPage,1,1,2,0,17,9
biz.ganttproject.impex.msproject2.CustomPropertyMapping,3,1,1,0,18,23
biz.ganttproject.impex.msproject2.CustomPropertyMappingTest,1,4,1,0,12,4
biz.ganttproject.impex.msproject2.ExporterToMsProjectFile,3,2,4,0,33,20
biz.ganttproject.impex.msproject2.ImporterFromMsProjectFile,1,2,3,0,46,11
biz.ganttproject.impex.msproject2.LocaleOption,2,3,2,0,13,6
biz.ganttproject.impex.msproject2.ProjectFileExporter,3,1,1,0,190,74
biz.ganttproject.impex.msproject2.ProjectFileExporter.CustomPropertySetter,n/a,n/a,n/a,n/a,1,n/a
biz.ganttproject.impex.msproject2.ProjectFileImporter,3,1,2,0,248,135
biz.ganttproject.impex.msproject2.ProjectFileImporter.HolidayAdder,n/a,n/a,n/a,n/a,2,n/a
biz.ganttproject.impex.msproject2.WebStartIDClass,0,1,0,0,0,0
com.googlecode.ant_deb_task.BuildDeb,1,1,1,0,24,12
com.googlecode.ant_deb_task.Deb,10,1,1,0,121,110
com.googlecode.ant_deb_task.Deb.Changelog,2,1,3,0,9,9
com.googlecode.ant_deb_task.Deb.Changelog.Format,1,1,1,0,1,1
com.googlecode.ant_deb_task.Deb.Description,2,1,2,0,14,11
com.googlecode.ant_deb_task.Deb.Maintainer,1,1,2,0,8,4
com.googlecode.ant_deb_task.Deb.Priority,1,1,1,0,1,1
com.googlecode.ant_deb_task.Deb.Section,2,1,1,0,6,4
com.googlecode.ant_deb_task.Deb.Version,1,1,3,0,15,10
com.googlecode.ant_deb_task.DesktopEntry,8,1,1,0,63,61
com.googlecode.ant_deb_task.DesktopEntry.Comment,2,2,0,0,2,1
com.googlecode.ant_deb_task.DesktopEntry.GenericName,2,2,0,0,2,1
com.googlecode.ant_deb_task.DesktopEntry.Icon,2,2,0,0,2,1
com.googlecode.ant_deb_task.DesktopEntry.LocalizedEntry,5,1,5,4,14,12
com.googlecode.ant_deb_task.DesktopEntry.Name,2,2,0,0,2,1
com.googlecode.ant_deb_task.DesktopEntry.Type,1,1,1,0,1,1
com.googlecode.ant_deb_task.GZipOutputStream,2,4,1,0,24,19
com.googlecode.ant_deb_task.UnixPrintWriter,2,3,1,0,12,6
net.sourceforge.ganttproject.AbstractChartImplementation,34,1,10,2,103,64
net.sourceforge.ganttproject.AbstractChartImplementation.ChartSelectionImpl,3,1,3,2,6,7
net.sourceforge.ganttproject.AbstractChartImplementation.MouseHoverLayerUi,5,3,2,0,32,5
net.sourceforge.ganttproject.CalendarEventAction,4,3,1,4,18,17
net.sourceforge.ganttproject.ChartComponentBase,38,5,11,2,98,45
net.sourceforge.ganttproject.ChartImplementation,n/a,n/a,n/a,n/a,11,n/a
net.sourceforge.ganttproject.ChartTabContentPanel,10,1,1,2,69,25
net.sourceforge.ganttproject.CustomProperty,n/a,n/a,n/a,n/a,3,n/a
net.sourceforge.ganttproject.CustomPropertyClass,10,n/a,4,n/a,12,9
net.sourceforge.ganttproject.CustomPropertyDefinition,n/a,n/a,n/a,n/a,12,n/a
net.sourceforge.ganttproject.CustomPropertyHolder,n/a,n/a,n/a,n/a,2,n/a
net.sourceforge.ganttproject.CustomPropertyListener,n/a,n/a,n/a,n/a,1,n/a
net.sourceforge.ganttproject.CustomPropertyManager,n/a,n/a,n/a,n/a,8,n/a
net.sourceforge.ganttproject.CustomPropertyManager.PropertyTypeEncoder,10,1,2,0,14,30
net.sourceforge.ganttproject.DefaultCustomPropertyDefinition,8,1,4,0,26,19
net.sourceforge.ganttproject.DesktopIntegration,11,1,2,0,9,9
net.sourceforge.ganttproject.DialogBuilder,9,1,1,0,37,18
net.sourceforge.ganttproject.DialogBuilder.Commiter,1,1,1,0,2,2
net.sourceforge.ganttproject.DialogBuilder.DialogImpl,7,1,1,0,13,7
net.sourceforge.ganttproject.DialogBuilder.NotificationViewImpl,2,1,2,0,14,8
net.sourceforge.ganttproject.ErrorNotifier,1,1,1,0,15,4
net.sourceforge.ganttproject.FacadeInvalidator,3,2,2,0,12,10
net.sourceforge.ganttproject.GPLogger,83,1,4,0,60,26
net.sourceforge.ganttproject.GPTransferable,13,1,2,0,41,11
net.sourceforge.ganttproject.GPTreeTableBase,41,7,9,2,189,113
net.sourceforge.ganttproject.GPTreeTableBase.ColumnImpl,7,1,4,0,29,18
net.sourceforge.ganttproject.GPTreeTableBase.HeaderMouseListener,7,2,1,0,36,14
net.sourceforge.ganttproject.GPTreeTableBase.SortTableHeaderRenderer,2,1,1,0,10,6
net.sourceforge.ganttproject.GPTreeTableBase.TableHeaderUiFacadeImpl,9,1,1,0,71,56
net.sourceforge.ganttproject.GPTreeTableBase.VscrollAdjustmentListener,7,1,3,0,16,7
net.sourceforge.ganttproject.GPTreeTransferHandler,14,2,2,0,30,14
net.sourceforge.ganttproject.GPVersion,9,1,1,0,8,3
net.sourceforge.ganttproject.GanttChartTabContentPanel,17,2,3,0,40,15
net.sourceforge.ganttproject.GanttExportSettings,16,1,9,0,24,23
net.sourceforge.ganttproject.GanttGraphicArea,42,6,9,0,104,49
net.sourceforge.ganttproject.GanttGraphicArea.MouseSupport,3,1,1,0,5,4
net.sourceforge.ganttproject.GanttOptions,26,2,8,0,180,106
net.sourceforge.ganttproject.GanttOptions.GanttXMLOptionsParser,7,2,1,0,42,93
net.sourceforge.ganttproject.GanttPreviousState,14,1,3,0,32,10
net.sourceforge.ganttproject.GanttPreviousState.BaselineSaver,4,2,1,0,6,1
net.sourceforge.ganttproject.GanttPreviousStateTask,7,1,5,0,6,6
net.sourceforge.ganttproject.GanttProject,108,7,9,0,368,156
net.sourceforge.ganttproject.GanttProject.Args,2,1,0,0,0,0
net.sourceforge.ganttproject.GanttProject.ParserFactoryImpl,7,1,2,0,10,2
net.sourceforge.ganttproject.GanttProjectBase,54,6,31,1,132,59
net.sourceforge.ganttproject.GanttProjectBase.RowHeightAligner,6,1,1,0,9,2
net.sourceforge.ganttproject.GanttProjectImpl,22,1,21,1,54,33
net.sourceforge.ganttproject.GanttProjectImpl.DefaultTaskColorOption,4,3,3,0,8,5
net.sourceforge.ganttproject.GanttProjectImpl.TaskManagerConfigImpl,6,1,6,0,11,8
net.sourceforge.ganttproject.GanttResourcePanel,42,6,16,0,143,67
net.sourceforge.ganttproject.GanttSplash,4,6,2,0,21,5
net.sourceforge.ganttproject.GanttStatistics,3,1,2,0,38,24
net.sourceforge.ganttproject.GanttTask,11,2,2,0,19,5
net.sourceforge.ganttproject.GanttTree2,42,6,13,0,168,71
net.sourceforge.ganttproject.GanttTree2.GanttTreeDropListener,3,2,1,0,18,9
net.sourceforge.ganttproject.GanttTree2.GanttTreeExpansionListener,4,1,1,0,8,4
net.sourceforge.ganttproject.GanttTreeTable,19,8,4,0,62,23
net.sourceforge.ganttproject.GanttTreeTable.ModelListener,3,1,1,0,4,1
net.sourceforge.ganttproject.GanttTreeTableModel,32,3,9,0,125,75
net.sourceforge.ganttproject.GanttTreeTableModel.BeginDateComparator,2,1,1,0,3,1
net.sourceforge.ganttproject.GanttTreeTableModel.EndDateComparator,2,1,1,0,3,1
net.sourceforge.ganttproject.GanttTreeTableModel.Icons,1,1,0,0,2,0
net.sourceforge.ganttproject.GraphPanel,1,5,2,0,57,26
net.sourceforge.ganttproject.IGanttProject,n/a,n/a,n/a,n/a,28,n/a
net.sourceforge.ganttproject.Mediator,4,1,2,0,3,3
net.sourceforge.ganttproject.OSXAdapter,10,2,3,0,18,11
net.sourceforge.ganttproject.PluginOptionsHandler,2,2,1,0,9,5
net.sourceforge.ganttproject.PluginPreferencesImpl,4,1,13,0,55,40
net.sourceforge.ganttproject.PreferenceServiceImpl,0,1,19,0,19,19
net.sourceforge.ganttproject.PrjInfos,5,1,4,0,10,10
net.sourceforge.ganttproject.ProjectEventListener,n/a,n/a,n/a,n/a,5,n/a
net.sourceforge.ganttproject.ProjectEventListener.Stub,2,1,5,6,5,5
net.sourceforge.ganttproject.ResourceChartTabContentPanel,10,2,4,0,26,8
net.sourceforge.ganttproject.ResourceDefaultColumn,11,n/a,5,n/a,17,10
net.sourceforge.ganttproject.ResourceLoadGraphicArea,22,6,6,1,36,18
net.sourceforge.ganttproject.ResourceLoadGraphicArea.ResourceChartSelection,8,2,2,0,21,8
net.sourceforge.ganttproject.ResourceLoadGraphicArea.ResourcechartImplementation,19,2,4,0,40,14
net.sourceforge.ganttproject.ResourceTreeImageGenerator,6,1,1,0,30,18
net.sourceforge.ganttproject.ResourceTreeTable,26,8,6,0,78,40
net.sourceforge.ganttproject.ResourceTreeTableModel,19,3,3,0,75,56
net.sourceforge.ganttproject.ResourceTreeTableModel.SelectionKeeper,2,1,1,0,11,6
net.sourceforge.ganttproject.ShowHideColumnsDialog,6,1,1,0,7,3
net.sourceforge.ganttproject.TaskContainmentHierarchyFacadeImpl,17,1,2,0,90,58
net.sourceforge.ganttproject.TaskModelModificationListener,12,2,1,0,22,10
net.sourceforge.ganttproject.TaskTreeImageGenerator,10,1,1,1,51,21
net.sourceforge.ganttproject.TaskTreeImageGenerator.PaintState,2,1,0,0,1,0
net.sourceforge.ganttproject.TaskTreeImageGeneratorExt,9,2,3,0,45,23
net.sourceforge.ganttproject.TestSetupHelper,21,1,8,0,10,8
net.sourceforge.ganttproject.TestSetupHelper.TaskManagerBuilder,11,1,7,0,19,10
net.sourceforge.ganttproject.TreeTableCellEditorImpl,3,1,2,0,33,20
net.sourceforge.ganttproject.TreeTableContainer,32,5,8,2,83,44
net.sourceforge.ganttproject.TreeTableContainer.ChartUpdater,2,1,4,0,6,4
net.sourceforge.ganttproject.TreeTableContainer.CollapseAllAction,2,3,1,0,7,3
net.sourceforge.ganttproject.TreeTableContainer.ExpandAllAction,2,3,1,0,7,3
net.sourceforge.ganttproject.TreeTableContainer.ExpandCollapseAction,2,3,1,0,9,4
net.sourceforge.ganttproject.TreeUtil,11,1,7,0,29,26
net.sourceforge.ganttproject.UIFacadeImpl,41,2,20,0,194,109
net.sourceforge.ganttproject.UIFacadeImpl.LafOption,5,3,5,0,20,8
net.sourceforge.ganttproject.action.ActionDelegate,n/a,n/a,n/a,n/a,1,n/a
net.sourceforge.ganttproject.action.ActionStateChangedListener,n/a,n/a,n/a,n/a,1,n/a
net.sourceforge.ganttproject.action.ActiveActionProvider,n/a,n/a,n/a,n/a,1,n/a
net.sourceforge.ganttproject.action.ArtefactAction,9,3,1,3,22,13
net.sourceforge.ganttproject.action.ArtefactDeleteAction,5,4,0,0,2,1
net.sourceforge.ganttproject.action.ArtefactNewAction,4,4,0,0,2,1
net.sourceforge.ganttproject.action.ArtefactPropertiesAction,4,4,0,0,2,1
net.sourceforge.ganttproject.action.BaselineDialogAction,12,3,1,0,28,16
net.sourceforge.ganttproject.action.CalculateCriticalPathAction,5,3,1,0,13,10
net.sourceforge.ganttproject.action.CancelAction,17,3,1,9,4,3
net.sourceforge.ganttproject.action.GPAction,104,2,6,87,73,65
net.sourceforge.ganttproject.action.GPAction.IconSize,19,n/a,3,n/a,4,2
net.sourceforge.ganttproject.action.OkAction,10,3,1,16,5,4
net.sourceforge.ganttproject.action.ShowBurndownAction,4,3,1,0,5,2
net.sourceforge.ganttproject.action.ShowChannelAction,6,3,1,0,20,10
net.sourceforge.ganttproject.action.ViewToggleAction,5,3,2,0,9,5
net.sourceforge.ganttproject.action.edit.CopyAction,5,3,1,0,12,6
net.sourceforge.ganttproject.action.edit.CutAction,6,3,1,0,12,7
net.sourceforge.ganttproject.action.edit.EditMenu,12,7,3,0,19,4
net.sourceforge.ganttproject.action.edit.PasteAction,17,3,1,0,37,14
net.sourceforge.ganttproject.action.edit.RedoAction,6,3,2,0,20,11
net.sourceforge.ganttproject.action.edit.RefreshViewAction,3,3,2,0,6,4
net.sourceforge.ganttproject.action.edit.SearchDialogAction,3,3,1,0,4,2
net.sourceforge.ganttproject.action.edit.SettingsDialogAction,8,3,1,0,6,3
net.sourceforge.ganttproject.action.edit.UndoAction,6,3,2,0,21,11
net.sourceforge.ganttproject.action.help.HelpMenu,9,1,1,0,8,2
net.sourceforge.ganttproject.action.help.HelpMenu.AboutAction,5,3,1,0,5,2
net.sourceforge.ganttproject.action.help.HelpMenu.RecoverLastProjectAction,12,3,1,0,23,9
net.sourceforge.ganttproject.action.help.HelpMenu.ViewLogAction,4,3,1,0,4,2
net.sourceforge.ganttproject.action.project.CloudProjectActionBase,12,3,1,2,12,6
net.sourceforge.ganttproject.action.project.ExitAction,3,3,2,0,5,3
net.sourceforge.ganttproject.action.project.NewProjectAction,3,3,2,0,6,4
net.sourceforge.ganttproject.action.project.OpenMRUDocumentAction,8,3,1,0,11,5
net.sourceforge.ganttproject.action.project.OpenProjectAction,8,3,2,0,14,7
net.sourceforge.ganttproject.action.project.OpenURLAction,9,4,1,0,10,6
net.sourceforge.ganttproject.action.project.PrintAction,3,3,2,0,6,4
net.sourceforge.ganttproject.action.project.ProjectExportAction,6,3,2,0,7,4
net.sourceforge.ganttproject.action.project.ProjectImportAction,6,3,2,0,8,4
net.sourceforge.ganttproject.action.project.ProjectMenu,17,7,5,0,31,6
net.sourceforge.ganttproject.action.project.ProjectPreviewAction,7,3,2,0,13,5
net.sourceforge.ganttproject.action.project.ProjectPropertiesAction,8,3,2,0,10,5
net.sourceforge.ganttproject.action.project.SaveProjectAction,7,3,7,0,18,12
net.sourceforge.ganttproject.action.project.SaveProjectAsAction,3,3,2,0,6,4
net.sourceforge.ganttproject.action.project.SaveURLAction,8,4,1,0,10,5
net.sourceforge.ganttproject.action.resource.AssignmentDeleteAction,12,3,1,0,16,7
net.sourceforge.ganttproject.action.resource.ResourceAction,13,3,3,4,15,10
net.sourceforge.ganttproject.action.resource.ResourceActionSet,14,1,5,0,19,10
net.sourceforge.ganttproject.action.resource.ResourceDeleteAction,12,4,1,0,17,8
net.sourceforge.ganttproject.action.resource.ResourceImportAction,14,4,2,0,11,7
net.sourceforge.ganttproject.action.resource.ResourceMoveDownAction,6,3,2,0,16,7
net.sourceforge.ganttproject.action.resource.ResourceMoveUpAction,6,3,2,0,16,7
net.sourceforge.ganttproject.action.resource.ResourceNewAction,12,4,2,0,23,9
net.sourceforge.ganttproject.action.resource.ResourcePropertiesAction,12,4,1,0,20,9
net.sourceforge.ganttproject.action.resource.ResourceSendMailAction,7,3,2,0,14,6
net.sourceforge.ganttproject.action.scroll.ScrollTimeIntervalAction,5,3,1,0,7,3
net.sourceforge.ganttproject.action.scroll.ScrollToEndAction,6,3,1,0,10,3
net.sourceforge.ganttproject.action.scroll.ScrollToSelectionAction,8,3,2,0,14,7
net.sourceforge.ganttproject.action.scroll.ScrollToStartAction,6,3,1,0,8,2
net.sourceforge.ganttproject.action.scroll.ScrollToTodayAction,4,3,1,0,5,2
net.sourceforge.ganttproject.action.task.IndentTargetFunctionFactory,4,1,1,0,2,4
net.sourceforge.ganttproject.action.task.OutdentTargetFunctionFactory,4,1,2,0,4,5
net.sourceforge.ganttproject.action.task.TaskActionBase,25,3,4,8,36,19
net.sourceforge.ganttproject.action.task.TaskDeleteAction,13,4,5,0,30,13
net.sourceforge.ganttproject.action.task.TaskIndentAction,17,4,4,0,29,12
net.sourceforge.ganttproject.action.task.TaskIndentAction.IndentApplyFxn,n/a,n/a,n/a,n/a,1,n/a
net.sourceforge.ganttproject.action.task.TaskLinkAction,13,4,4,0,24,12
net.sourceforge.ganttproject.action.task.TaskMoveDownAction,13,4,4,0,28,12
net.sourceforge.ganttproject.action.task.TaskMoveEnabledPredicate,9,1,1,0,15,8
net.sourceforge.ganttproject.action.task.TaskMoveEnabledPredicateTest,2,4,3,0,17,3
net.sourceforge.ganttproject.action.task.TaskMoveUpAction,13,4,4,0,28,12
net.sourceforge.ganttproject.action.task.TaskNewAction,13,3,2,0,18,12
net.sourceforge.ganttproject.action.task.TaskPropertiesAction,11,4,3,0,19,9
net.sourceforge.ganttproject.action.task.TaskUnindentAction,15,4,4,0,29,12
net.sourceforge.ganttproject.action.task.TaskUnindentAction.UnindentApplyFxn,n/a,n/a,n/a,n/a,1,n/a
net.sourceforge.ganttproject.action.task.TaskUnlinkAction,9,4,4,0,18,10
net.sourceforge.ganttproject.action.view.ViewChartOptionsDialogAction,7,3,2,0,20,11
net.sourceforge.ganttproject.action.view.ViewCycleAction,3,3,1,0,5,4
net.sourceforge.ganttproject.action.view.ViewMenu,9,7,0,0,13,3
net.sourceforge.ganttproject.action.view.ViewMenu.GPViewImpl,3,1,3,0,5,4
net.sourceforge.ganttproject.action.zoom.ZoomActionSet,9,1,2,0,6,3
net.sourceforge.ganttproject.action.zoom.ZoomInAction,5,3,2,0,9,5
net.sourceforge.ganttproject.action.zoom.ZoomOutAction,5,3,2,0,9,5
net.sourceforge.ganttproject.application.MainApplication,2,1,1,0,12,3
net.sourceforge.ganttproject.calendar.CalendarEditorPanel,13,1,1,0,68,27
net.sourceforge.ganttproject.calendar.CalendarEditorPanel.ColorEditor,5,2,1,0,23,12
net.sourceforge.ganttproject.calendar.CalendarEditorPanel.DateCellRendererImpl,1,1,1,0,7,4
net.sourceforge.ganttproject.calendar.CalendarEditorPanel.FocusSetter,n/a,n/a,n/a,n/a,1,n/a
net.sourceforge.ganttproject.calendar.CalendarEditorPanel.TableModelImpl,5,2,4,0,38,28
net.sourceforge.ganttproject.calendar.CalendarEditorPanel.TableModelImpl.Column,3,n/a,5,n/a,10,4
net.sourceforge.ganttproject.calendar.GPCalendarProvider,8,1,2,0,32,12
net.sourceforge.ganttproject.calendar.GPCalendarProvider.CalendarTagHandler,3,2,2,0,9,3
net.sourceforge.ganttproject.chart.BackgroundRendererImpl,3,3,2,0,11,4
net.sourceforge.ganttproject.chart.Chart,n/a,n/a,n/a,n/a,17,n/a
net.sourceforge.ganttproject.chart.ChartModel,n/a,n/a,n/a,n/a,25,n/a
net.sourceforge.ganttproject.chart.ChartModelBase,37,1,5,2,146,109
net.sourceforge.ganttproject.chart.ChartModelBase.OptionEventDispatcher,3,1,1,0,2,1
net.sourceforge.ganttproject.chart.ChartModelBase.ScrollingSession,n/a,n/a,n/a,n/a,2,n/a
net.sourceforge.ganttproject.chart.ChartModelBase.ScrollingSessionImpl,2,1,1,0,18,9
net.sourceforge.ganttproject.chart.ChartModelImpl,21,2,5,0,65,34
net.sourceforge.ganttproject.chart.ChartModelResource,10,2,4,0,29,10
net.sourceforge.ganttproject.chart.ChartModelResource.ResourceLoadOption,1,3,3,2,6,4
net.sourceforge.ganttproject.chart.ChartOptionGroup,4,2,1,0,5,2
net.sourceforge.ganttproject.chart.ChartRendererBase,13,2,4,4,21,13
net.sourceforge.ganttproject.chart.ChartSelection,n/a,n/a,n/a,n/a,6,n/a
net.sourceforge.ganttproject.chart.ChartSelectionListener,n/a,n/a,n/a,n/a,1,n/a
net.sourceforge.ganttproject.chart.ChartUIConfiguration,18,1,13,0,48,34
net.sourceforge.ganttproject.chart.ChartUIConfiguration.ChartPropertiesOption,2,2,6,0,27,14
net.sourceforge.ganttproject.chart.ChartViewState,14,1,1,0,25,12
net.sourceforge.ganttproject.chart.DependencyInteractionRenderer,1,1,1,0,9,9
net.sourceforge.ganttproject.chart.GanttChart,n/a,n/a,n/a,n/a,5,n/a
net.sourceforge.ganttproject.chart.MilestoneTaskFakeActivity,5,1,6,0,19,13
net.sourceforge.ganttproject.chart.OffsetManagerTest,2,3,1,0,14,1
net.sourceforge.ganttproject.chart.OffsetManagerTest.TestOffsetBuilderFactory,1,1,2,0,13,3
net.sourceforge.ganttproject.chart.ProjectCalendarDialogAction,10,3,1,0,19,5
net.sourceforge.ganttproject.chart.ResourceChart,n/a,n/a,n/a,n/a,1,n/a
net.sourceforge.ganttproject.chart.ResourceLoadRenderer,13,3,1,0,64,34
net.sourceforge.ganttproject.chart.ResourceLoadRenderer.ResourceLoad,1,1,1,0,4,3
net.sourceforge.ganttproject.chart.SimpleRenderedImage,3,1,6,1,59,49
net.sourceforge.ganttproject.chart.StyledPainterImpl,5,1,1,0,45,34
net.sourceforge.ganttproject.chart.StyledPainterImpl.ColouredRectanglePainter,2,1,1,0,8,2
net.sourceforge.ganttproject.chart.StyledPainterImpl.RectanglePainter,n/a,n/a,n/a,n/a,1,n/a
net.sourceforge.ganttproject.chart.TaskActivityPart,4,1,2,0,30,13
net.sourceforge.ganttproject.chart.TaskChartModelFacade,n/a,n/a,n/a,n/a,1,n/a
net.sourceforge.ganttproject.chart.TaskInteractionHintRenderer,2,1,1,0,12,4
net.sourceforge.ganttproject.chart.TaskRendererImpl2,25,3,3,0,118,80
net.sourceforge.ganttproject.chart.TaskRendererImpl2.BarChartConnectorImpl,6,1,2,0,18,11
net.sourceforge.ganttproject.chart.TaskRendererImpl2.TaskActivityChartApi,5,1,5,0,17,8
net.sourceforge.ganttproject.chart.TaskRendererImpl2.VerticalPartitioning,3,1,1,0,11,11
net.sourceforge.ganttproject.chart.TaskRendererImplTest,3,4,3,0,69,6
net.sourceforge.ganttproject.chart.TestCanvas,0,3,1,0,8,1
net.sourceforge.ganttproject.chart.TestOffsetBuilder,1,3,1,0,27,1
net.sourceforge.ganttproject.chart.TestPainter,1,1,6,1,9,8
net.sourceforge.ganttproject.chart.TestTextLengthCalculator,1,1,2,0,6,5
net.sourceforge.ganttproject.chart.TestTimelineLabelRendererImpl,5,3,1,0,37,7
net.sourceforge.ganttproject.chart.TestTimelineLabelRendererImpl.TestChartModelApi,3,1,3,0,12,7
net.sourceforge.ganttproject.chart.TimelineChart,n/a,n/a,n/a,n/a,11,n/a
net.sourceforge.ganttproject.chart.TimelineChart.VScrollController,n/a,n/a,n/a,n/a,2,n/a
net.sourceforge.ganttproject.chart.TimelineLabelRendererImpl,6,3,1,0,27,8
net.sourceforge.ganttproject.chart.TimelineLabelRendererImpl.ChartModelApi,n/a,n/a,n/a,n/a,4,n/a
net.sourceforge.ganttproject.chart.TimelineLabelRendererImpl.LabelTextSelector,2,1,1,0,9,7
net.sourceforge.ganttproject.chart.VisibleNodesFilter,4,1,1,0,11,6
net.sourceforge.ganttproject.chart.export.ChartDimensions,5,1,2,0,16,8
net.sourceforge.ganttproject.chart.export.ChartImageBuilder,8,1,1,0,42,4
net.sourceforge.ganttproject.chart.export.ChartImageVisitor,n/a,n/a,n/a,n/a,3,n/a
net.sourceforge.ganttproject.chart.export.RenderedChartImage,4,2,1,0,24,6
net.sourceforge.ganttproject.chart.gantt.ClipboardContents,17,1,1,0,42,28
net.sourceforge.ganttproject.chart.gantt.ClipboardTaskProcessor,17,1,1,0,64,28
net.sourceforge.ganttproject.chart.gantt.ClipboardTaskProcessorTest,3,3,6,0,69,11
net.sourceforge.ganttproject.chart.gantt.GanttChartController,42,2,5,0,72,33
net.sourceforge.ganttproject.chart.gantt.GanttChartSelection,15,2,2,0,31,11
net.sourceforge.ganttproject.chart.gantt.MouseListenerImpl,19,3,1,0,40,24
net.sourceforge.ganttproject.chart.gantt.MouseMotionListenerImpl,14,3,1,0,27,12
net.sourceforge.ganttproject.chart.item.CalendarChartItem,4,2,1,0,3,2
net.sourceforge.ganttproject.chart.item.ChartItem,18,1,1,6,2,2
net.sourceforge.ganttproject.chart.item.TaskBoundaryChartItem,9,2,1,0,3,2
net.sourceforge.ganttproject.chart.item.TaskNotesChartItem,4,2,0,0,2,1
net.sourceforge.ganttproject.chart.item.TaskProgressChartItem,8,2,0,0,2,1
net.sourceforge.ganttproject.chart.item.TaskRegularAreaChartItem,7,2,0,0,2,1
net.sourceforge.ganttproject.chart.item.TimelineLabelChartItem,3,2,0,0,2,1
net.sourceforge.ganttproject.chart.mouse.ChangeTaskBoundaryInteraction,13,2,2,2,24,10
net.sourceforge.ganttproject.chart.mouse.ChangeTaskEndInteraction,12,3,2,0,24,4
net.sourceforge.ganttproject.chart.mouse.ChangeTaskProgressInteraction,15,2,2,0,29,10
net.sourceforge.ganttproject.chart.mouse.ChangeTaskProgressRuler,4,1,1,0,21,10
net.sourceforge.ganttproject.chart.mouse.ChangeTaskProgressRulerTest,2,3,1,0,35,3
net.sourceforge.ganttproject.chart.mouse.ChangeTaskStartInteraction,12,3,2,0,23,5
net.sourceforge.ganttproject.chart.mouse.DrawDependencyInteraction,18,2,1,0,21,8
net.sourceforge.ganttproject.chart.mouse.DrawDependencyInteraction.ChartModelFacade,n/a,n/a,n/a,n/a,2,n/a
net.sourceforge.ganttproject.chart.mouse.MouseInteraction,n/a,n/a,n/a,n/a,3,n/a
net.sourceforge.ganttproject.chart.mouse.MouseInteraction.TimelineFacade,n/a,n/a,n/a,n/a,6,n/a
net.sourceforge.ganttproject.chart.mouse.MouseInteractionBase,8,1,2,5,11,6
net.sourceforge.ganttproject.chart.mouse.MouseListenerBase,8,2,2,2,22,11
net.sourceforge.ganttproject.chart.mouse.MouseMotionListenerBase,5,2,2,1,7,4
net.sourceforge.ganttproject.chart.mouse.MouseWheelListenerBase,4,1,1,1,14,10
net.sourceforge.ganttproject.chart.mouse.MoveTaskInteractions,12,2,1,0,25,11
net.sourceforge.ganttproject.chart.mouse.ScrollViewInteraction,7,2,1,0,18,6
net.sourceforge.ganttproject.chart.mouse.TimelineFacadeImpl,7,1,2,0,17,12
net.sourceforge.ganttproject.chart.overview.GPToolbar,8,1,2,0,20,16
net.sourceforge.ganttproject.chart.overview.HighlightOnMouseOver,0,2,2,0,12,6
net.sourceforge.ganttproject.chart.overview.NavigationPanel,14,1,1,0,26,4
net.sourceforge.ganttproject.chart.overview.PanelBorder,0,5,1,0,5,2
net.sourceforge.ganttproject.chart.overview.ToolbarBuilder,14,1,3,0,43,44
net.sourceforge.ganttproject.chart.overview.ToolbarBuilder.ButtonBuilder,4,1,1,0,16,3
net.sourceforge.ganttproject.chart.overview.ToolbarBuilder.Gaps,3,1,0,0,0,2
net.sourceforge.ganttproject.chart.overview.ZoomingPanel,8,1,1,0,18,4
net.sourceforge.ganttproject.client.RssFeed,3,1,1,0,5,2
net.sourceforge.ganttproject.client.RssFeed.Item,2,1,0,0,1,1
net.sourceforge.ganttproject.client.RssFeedChecker,13,1,3,0,37,32
net.sourceforge.ganttproject.client.RssFeedChecker.CheckOption,1,n/a,2,n/a,2,0
net.sourceforge.ganttproject.client.RssParser,3,1,1,0,30,25
net.sourceforge.ganttproject.customProperty.CustomPropertyImportTest,0,3,1,0,8,1
net.sourceforge.ganttproject.document.AbstractDocument,4,1,9,2,14,11
net.sourceforge.ganttproject.document.AbstractURLDocument,3,2,0,3,0,0
net.sourceforge.ganttproject.document.Document,n/a,n/a,n/a,n/a,18,n/a
net.sourceforge.ganttproject.document.Document.DocumentException,14,3,0,0,4,2
net.sourceforge.ganttproject.document.Document.ErrorCode,3,n/a,2,n/a,2,0
net.sourceforge.ganttproject.document.DocumentCreator,23,1,5,2,95,51
net.sourceforge.ganttproject.document.DocumentCreator.StringOptionImpl,2,3,3,0,6,4
net.sourceforge.ganttproject.document.DocumentMRUListener,n/a,n/a,n/a,n/a,1,n/a
net.sourceforge.ganttproject.document.DocumentManager,n/a,n/a,n/a,n/a,15,n/a
net.sourceforge.ganttproject.document.DocumentManager.FTPOptions,4,2,4,1,6,1
net.sourceforge.ganttproject.document.DocumentStorageUi,n/a,n/a,n/a,n/a,2,n/a
net.sourceforge.ganttproject.document.DocumentStorageUi.Components,3,1,0,0,1,1
net.sourceforge.ganttproject.document.DocumentStorageUi.DocumentReceiver,n/a,n/a,n/a,n/a,1,n/a
net.sourceforge.ganttproject.document.DocumentsMRU,2,1,1,0,20,11
net.sourceforge.ganttproject.document.DocumentsMRU.Listener,n/a,n/a,n/a,n/a,1,n/a
net.sourceforge.ganttproject.document.FileDocument,5,2,4,0,31,24
net.sourceforge.ganttproject.document.FtpDocument,3,3,6,0,36,17
net.sourceforge.ganttproject.document.NetworkOptionPageProvider,11,2,3,0,28,8
net.sourceforge.ganttproject.document.Portfolio,n/a,n/a,n/a,n/a,1,n/a
net.sourceforge.ganttproject.document.ProxyDocument,16,1,3,0,58,29
net.sourceforge.ganttproject.document.ProxyDocument.FailureState,2,1,1,0,1,1
net.sourceforge.ganttproject.document.ProxyDocument.OnlyShowWeekendsTagHandler,2,2,1,0,6,2
net.sourceforge.ganttproject.document.ProxyDocument.ParsingState,30,1,1,0,48,4
net.sourceforge.ganttproject.document.ProxyDocument.PortfolioImpl,4,1,1,0,3,3
net.sourceforge.ganttproject.document.ProxyDocument.PortfolioTagHandler,7,2,1,0,12,9
net.sourceforge.ganttproject.document.ProxyDocument.SuccessState,2,1,1,0,1,1
net.sourceforge.ganttproject.document.ReadOnlyProxyDocument,4,1,8,0,32,19
net.sourceforge.ganttproject.document.webdav.FilesCellRenderer,4,1,1,0,27,6
net.sourceforge.ganttproject.document.webdav.FilesTableModel,5,2,1,0,9,10
net.sourceforge.ganttproject.document.webdav.GanttURLChooser,24,1,3,0,112,77
net.sourceforge.ganttproject.document.webdav.GanttURLChooser.ReloadWorker,6,2,2,0,19,9
net.sourceforge.ganttproject.document.webdav.GanttURLChooser.SelectionListener,n/a,n/a,n/a,n/a,1,n/a
net.sourceforge.ganttproject.document.webdav.HttpDocument,11,3,7,0,40,34
net.sourceforge.ganttproject.document.webdav.HttpDocumentOutputStream,3,3,1,0,8,2
net.sourceforge.ganttproject.document.webdav.MiltonResourceFactory,7,1,1,0,42,17
net.sourceforge.ganttproject.document.webdav.MiltonResourceFactory.Key,1,1,0,0,5,4
net.sourceforge.ganttproject.document.webdav.MiltonResourceImpl,6,1,1,0,61,37
net.sourceforge.ganttproject.document.webdav.WebDavOptionPageProvider,11,2,3,0,42,17
net.sourceforge.ganttproject.document.webdav.WebDavProxyTest,0,3,1,0,13,1
net.sourceforge.ganttproject.document.webdav.WebDavResource,n/a,n/a,n/a,n/a,16,n/a
net.sourceforge.ganttproject.document.webdav.WebDavResource.WebDavException,9,3,0,0,4,2
net.sourceforge.ganttproject.document.webdav.WebDavResource.WebDavRuntimeException,2,4,0,0,6,3
net.sourceforge.ganttproject.document.webdav.WebDavServerDescriptor,7,1,3,0,15,11
net.sourceforge.ganttproject.document.webdav.WebDavStorageImpl,18,1,2,0,45,24
net.sourceforge.ganttproject.document.webdav.WebDavStorageImpl.ServerListOption,4,2,1,0,33,21
net.sourceforge.ganttproject.document.webdav.WebDavStorageImpl.ServerListOption.EnumerationOptionImpl,2,3,3,0,15,5
net.sourceforge.ganttproject.document.webdav.WebDavUri,7,1,1,0,20,8
net.sourceforge.ganttproject.export.CommandLineExportApplication,15,1,1,0,41,16
net.sourceforge.ganttproject.export.CommandLineExportApplication.Args,1,1,0,0,0,0
net.sourceforge.ganttproject.export.ConsoleUIFacade,19,1,31,0,52,41
net.sourceforge.ganttproject.export.DeprecatedProjectExportData,3,1,0,0,2,1
net.sourceforge.ganttproject.export.ExportException,0,3,0,0,4,2
net.sourceforge.ganttproject.export.ExportFileWizardImpl,13,2,1,0,22,9
net.sourceforge.ganttproject.export.ExportFileWizardImpl.ExportFinalizationJobImpl,7,1,1,0,7,2
net.sourceforge.ganttproject.export.ExportFileWizardImpl.State,5,1,3,0,6,5
net.sourceforge.ganttproject.export.ExportFinalizationJob,n/a,n/a,n/a,n/a,1,n/a
net.sourceforge.ganttproject.export.Exporter,n/a,n/a,n/a,n/a,10,n/a
net.sourceforge.ganttproject.export.ExporterBase,13,1,3,4,49,21
net.sourceforge.ganttproject.export.ExporterBase.ExporterJob,3,1,2,9,3,2
net.sourceforge.ganttproject.export.ExporterChooserPage,6,1,2,0,14,13
net.sourceforge.ganttproject.export.ExporterToCSV,8,2,6,0,13,11
net.sourceforge.ganttproject.export.ExporterToImage,6,2,5,0,21,13
net.sourceforge.ganttproject.export.ExporterToImage.FileTypeOption,2,2,4,0,12,10
net.sourceforge.ganttproject.export.FileChooserPage,13,2,3,0,61,31
net.sourceforge.ganttproject.export.TaskVisitor,4,1,1,2,10,3
net.sourceforge.ganttproject.export.WebPublisher,5,1,1,0,8,12
net.sourceforge.ganttproject.export.WebPublisher.Ftp,5,1,1,0,31,12
net.sourceforge.ganttproject.filter.ExtensionBasedFileFilter,4,2,2,1,14,7
net.sourceforge.ganttproject.filter.GanttXMLFileFilter,3,3,0,0,2,1
net.sourceforge.ganttproject.font.Fonts,5,1,0,0,1,0
net.sourceforge.ganttproject.gui.AbstractPagesDialog,16,1,2,3,33,21
net.sourceforge.ganttproject.gui.AbstractPagesDialog.ListItem,4,1,0,0,1,1
net.sourceforge.ganttproject.gui.AbstractTableAndActionsComponent,10,1,5,4,46,35
net.sourceforge.ganttproject.gui.AbstractTableAndActionsComponent.SelectionListener,n/a,n/a,n/a,n/a,1,n/a
net.sourceforge.ganttproject.gui.ActionUtil,2,1,1,0,2,6
net.sourceforge.ganttproject.gui.DateIntervalListEditor,7,5,1,0,34,12
net.sourceforge.ganttproject.gui.DateIntervalListEditor.DateInterval,5,1,3,0,12,8
net.sourceforge.ganttproject.gui.DateIntervalListEditor.DateIntervalModel,n/a,n/a,n/a,n/a,6,n/a
net.sourceforge.ganttproject.gui.DateIntervalListEditor.DefaultDateIntervalModel,4,1,4,1,20,7
net.sourceforge.ganttproject.gui.DateIntervalListEditor.MyListModel,4,2,1,0,6,3
net.sourceforge.ganttproject.gui.DialogAligner,7,1,2,0,14,8
net.sourceforge.ganttproject.gui.EditableList,12,1,9,4,68,41
net.sourceforge.ganttproject.gui.EditableList.ComboItem,2,1,0,0,3,2
net.sourceforge.ganttproject.gui.EditableList.TableAndActionsImpl,2,2,1,0,21,6
net.sourceforge.ganttproject.gui.EditableList.TableModelImpl,2,2,2,0,20,14
net.sourceforge.ganttproject.gui.FileChooserPageBase,15,1,1,1,79,44
net.sourceforge.ganttproject.gui.FileChooserPageBase.UrlFetcher,2,1,1,1,37,15
net.sourceforge.ganttproject.gui.GPColorChooser,4,1,2,0,37,14
net.sourceforge.ganttproject.gui.GPlainDocument,1,3,1,0,19,8
net.sourceforge.ganttproject.gui.GTextField,1,7,3,0,17,8
net.sourceforge.ganttproject.gui.GanttDialogInfo,4,6,0,0,28,11
net.sourceforge.ganttproject.gui.GanttDialogPerson,21,1,1,0,71,27
net.sourceforge.ganttproject.gui.GanttDialogProperties,16,1,1,0,12,8
net.sourceforge.ganttproject.gui.GanttImagePanel,1,5,1,0,15,2
net.sourceforge.ganttproject.gui.GanttLookAndFeelInfo,6,2,0,0,6,3
net.sourceforge.ganttproject.gui.GanttLookAndFeels,4,1,2,0,25,12
net.sourceforge.ganttproject.gui.GanttStatusBar,7,5,6,0,13,8
net.sourceforge.ganttproject.gui.GanttStatusBar.ProgressBarDialog,4,6,1,0,35,9
net.sourceforge.ganttproject.gui.GanttStatusBar.ProgressMonitorImpl,3,1,3,0,13,14
net.sourceforge.ganttproject.gui.GanttTabbedPane,4,5,1,0,14,6
net.sourceforge.ganttproject.gui.GanttTaskPropertiesBean,35,5,1,0,185,80
net.sourceforge.ganttproject.gui.ListAndFieldsPanel,2,1,1,0,16,3
net.sourceforge.ganttproject.gui.NotificationChannel,14,n/a,7,n/a,37,27
net.sourceforge.ganttproject.gui.NotificationChannel.Listener,n/a,n/a,n/a,n/a,3,n/a
net.sourceforge.ganttproject.gui.NotificationComponent,9,1,2,0,59,27
net.sourceforge.ganttproject.gui.NotificationComponent.AnimationView,n/a,n/a,n/a,n/a,4,n/a
net.sourceforge.ganttproject.gui.NotificationItem,9,1,1,0,7,9
net.sourceforge.ganttproject.gui.NotificationManager,n/a,n/a,n/a,n/a,4,n/a
net.sourceforge.ganttproject.gui.NotificationManagerImpl,10,1,1,0,30,23
net.sourceforge.ganttproject.gui.OpenFileDialog,2,1,1,0,12,5
net.sourceforge.ganttproject.gui.ProjectMRUMenu,7,7,1,0,9,4
net.sourceforge.ganttproject.gui.ProjectOpenDiagnosticImpl,13,1,1,0,36,17
net.sourceforge.ganttproject.gui.ProjectOpenDiagnosticImpl.ShowDialogCallback,n/a,n/a,n/a,n/a,1,n/a
net.sourceforge.ganttproject.gui.ProjectOpenDiagnosticUiFx,4,1,1,0,6,10
net.sourceforge.ganttproject.gui.ProjectOpenDiagnosticUiSwing,4,1,1,0,5,1
net.sourceforge.ganttproject.gui.ProjectOpenStrategy,15,1,2,0,24,7
net.sourceforge.ganttproject.gui.ProjectOpenStrategy.ConvertMilestones,2,n/a,2,n/a,2,0
net.sourceforge.ganttproject.gui.ProjectOpenStrategy.Step1,15,1,1,0,37,14
net.sourceforge.ganttproject.gui.ProjectOpenStrategy.Step2,11,1,1,0,16,5
net.sourceforge.ganttproject.gui.ProjectOpenStrategy.Step3,6,1,1,0,6,9
net.sourceforge.ganttproject.gui.ProjectUIFacade,n/a,n/a,n/a,n/a,7,n/a
net.sourceforge.ganttproject.gui.ProjectUIFacadeImpl,21,1,2,0,81,39
net.sourceforge.ganttproject.gui.RecentColorsOption,1,2,7,0,28,15
net.sourceforge.ganttproject.gui.ResourceTreeUIFacade,n/a,n/a,n/a,n/a,2,n/a
net.sourceforge.ganttproject.gui.TaskSelectionContext,n/a,n/a,n/a,n/a,1,n/a
net.sourceforge.ganttproject.gui.TaskTreeUIFacade,n/a,n/a,n/a,n/a,0,n/a
net.sourceforge.ganttproject.gui.TestGanttRolloverButton,12,6,1,1,54,25
net.sourceforge.ganttproject.gui.TestGanttRolloverButton.MouseOverHandler,1,2,2,0,5,3
net.sourceforge.ganttproject.gui.TextFieldAndFileChooserComponent,9,5,2,3,45,33
net.sourceforge.ganttproject.gui.TreeUiFacade,n/a,n/a,n/a,n/a,15,n/a
net.sourceforge.ganttproject.gui.UIConfiguration,18,1,16,0,35,30
net.sourceforge.ganttproject.gui.UIConfiguration.RedlineOption,2,3,3,0,11,5
net.sourceforge.ganttproject.gui.UIFacade,n/a,n/a,n/a,n/a,42,n/a
net.sourceforge.ganttproject.gui.UIFacade.Centering,5,n/a,2,n/a,2,0
net.sourceforge.ganttproject.gui.UIFacade.Choice,8,n/a,2,n/a,2,0
net.sourceforge.ganttproject.gui.UIFacade.Dialog,n/a,n/a,n/a,n/a,4,n/a
net.sourceforge.ganttproject.gui.UIUtil,68,1,22,0,153,86
net.sourceforge.ganttproject.gui.UIUtil.DatePickerEditCommiter,5,1,1,0,22,11
net.sourceforge.ganttproject.gui.UIUtil.DateValidator,n/a,n/a,n/a,n/a,0,n/a
net.sourceforge.ganttproject.gui.UIUtil.DateValidator.Default,4,1,1,0,2,4
net.sourceforge.ganttproject.gui.UIUtil.GPDateCellEditor,8,3,2,0,29,13
net.sourceforge.ganttproject.gui.UIUtil.MultiscreenFitResult,3,1,0,0,1,1
net.sourceforge.ganttproject.gui.ViewLogDialog,6,1,1,0,6,1
net.sourceforge.ganttproject.gui.about.AboutDialog2,10,2,2,0,47,12
net.sourceforge.ganttproject.gui.burndown.BurndownPopup,8,2,2,0,47,12
net.sourceforge.ganttproject.gui.options.BooleanOptionAction,1,2,1,0,4,2
net.sourceforge.ganttproject.gui.options.CSVSettingsPanel,8,6,1,0,41,24
net.sourceforge.ganttproject.gui.options.CSVSettingsPanel.ExportFieldsTableModel,0,2,4,2,13,13
net.sourceforge.ganttproject.gui.options.EnumerationOptionComboBoxModel,5,2,2,0,23,17
net.sourceforge.ganttproject.gui.options.EnumerationOptionComboBoxModel.Item,1,1,0,0,6,5
net.sourceforge.ganttproject.gui.options.ExportCsvOptionPageProvider,4,2,3,0,15,6
net.sourceforge.ganttproject.gui.options.GPOptionChoicePanel,8,1,1,0,24,9
net.sourceforge.ganttproject.gui.options.GanttChartOptionPageProvider,3,2,1,0,6,2
net.sourceforge.ganttproject.gui.options.GeneralOptionPanel,5,5,6,2,17,7
net.sourceforge.ganttproject.gui.options.InterfaceOptionPageProvider,9,2,2,0,50,22
net.sourceforge.ganttproject.gui.options.OptionPageProviderBase,18,1,6,9,20,12
net.sourceforge.ganttproject.gui.options.OptionPageProviderPanel,6,1,1,0,14,5
net.sourceforge.ganttproject.gui.options.OptionsPageBuilder,42,1,2,0,135,113
net.sourceforge.ganttproject.gui.options.OptionsPageBuilder.BooleanOptionRadioUi,2,1,1,0,16,10
net.sourceforge.ganttproject.gui.options.OptionsPageBuilder.ColorComponent,n/a,n/a,n/a,n/a,4,n/a
net.sourceforge.ganttproject.gui.options.OptionsPageBuilder.I18N,11,1,6,1,24,22
net.sourceforge.ganttproject.gui.options.OptionsPageBuilder.LayoutApi,n/a,n/a,n/a,n/a,1,n/a
net.sourceforge.ganttproject.gui.options.OptionsPageBuilder.ValueValidator,n/a,n/a,n/a,n/a,1,n/a
net.sourceforge.ganttproject.gui.options.ProjectBasicOptionPageProvider,2,2,3,0,14,5
net.sourceforge.ganttproject.gui.options.ProjectCalendarOptionPageProvider,15,2,3,0,65,19
net.sourceforge.ganttproject.gui.options.ProjectRolesOptionPageProvider,8,2,3,0,19,13
net.sourceforge.ganttproject.gui.options.ProjectSettingsPanel,8,1,3,0,43,13
net.sourceforge.ganttproject.gui.options.ResourceChartOptionPageProvider,3,2,1,0,6,2
net.sourceforge.ganttproject.gui.options.SettingsDialog2,11,2,2,0,24,10
net.sourceforge.ganttproject.gui.options.SpringUtilities,5,1,2,0,24,17
net.sourceforge.ganttproject.gui.options.TopPanel,6,1,1,0,11,3
net.sourceforge.ganttproject.gui.options.WeekendsSettingsPanel,13,6,1,0,33,8
net.sourceforge.ganttproject.gui.options.model.CustomPropertyDefaultValueAdapter,8,1,1,0,6,28
net.sourceforge.ganttproject.gui.options.model.GP1XOptionConverter,n/a,n/a,n/a,n/a,3,n/a
net.sourceforge.ganttproject.gui.options.model.OptionPageProvider,n/a,n/a,n/a,n/a,6,n/a
net.sourceforge.ganttproject.gui.projectwizard.I18N,10,1,8,0,15,10
net.sourceforge.ganttproject.gui.projectwizard.NewProjectWizard,9,1,1,0,10,1
net.sourceforge.ganttproject.gui.projectwizard.NewProjectWizardWindow,10,2,1,0,18,5
net.sourceforge.ganttproject.gui.projectwizard.ProjectNamePage,5,1,2,0,9,5
net.sourceforge.ganttproject.gui.projectwizard.RoleSetPage,6,1,3,0,22,5
net.sourceforge.ganttproject.gui.projectwizard.RoleSetPage.RoleSetListModel,5,2,2,0,23,13
net.sourceforge.ganttproject.gui.projectwizard.WeekendConfigurationPage,14,1,6,0,70,31
net.sourceforge.ganttproject.gui.projectwizard.WeekendConfigurationPage.CalendarOption,1,3,1,0,7,2
net.sourceforge.ganttproject.gui.projectwizard.WeekendConfigurationPage.CheckBoxAction,1,2,1,0,7,4
net.sourceforge.ganttproject.gui.projectwizard.WeekendConfigurationPage.SchedulingEnum,2,n/a,2,n/a,2,0
net.sourceforge.ganttproject.gui.projectwizard.WeekendConfigurationPage.WeekendSchedulingOption,2,3,1,1,8,2
net.sourceforge.ganttproject.gui.projectwizard.WizardImpl,12,1,1,2,47,23
net.sourceforge.ganttproject.gui.projectwizard.WizardPage,n/a,n/a,n/a,n/a,3,n/a
net.sourceforge.ganttproject.gui.scrolling.ScrollingListener,n/a,n/a,n/a,n/a,3,n/a
net.sourceforge.ganttproject.gui.scrolling.ScrollingManager,n/a,n/a,n/a,n/a,5,n/a
net.sourceforge.ganttproject.gui.scrolling.ScrollingManagerImpl,3,1,1,0,12,9
net.sourceforge.ganttproject.gui.tableView.ColumnManagerPanel,16,1,1,0,60,36
net.sourceforge.ganttproject.gui.tableView.ColumnManagerPanel.DefaultValueOption,3,3,2,0,13,6
net.sourceforge.ganttproject.gui.tableView.ColumnManagerPanel.IsVisibleOption,2,3,2,0,14,9
net.sourceforge.ganttproject.gui.tableView.ColumnManagerPanel.NameOption,2,3,1,0,10,4
net.sourceforge.ganttproject.gui.tableView.ColumnManagerPanel.PropertyClassOption,6,3,2,0,33,11
net.sourceforge.ganttproject.gui.taskproperties.CommonPanel,7,1,3,0,12,4
net.sourceforge.ganttproject.gui.taskproperties.CustomColumnsPanel,10,1,1,0,17,5
net.sourceforge.ganttproject.gui.taskproperties.CustomColumnsPanel.CustomColumnTableModel,7,3,5,0,24,18
net.sourceforge.ganttproject.gui.taskproperties.DependencyTableModel,17,2,2,0,59,31
net.sourceforge.ganttproject.gui.taskproperties.DependencyTableModel.MyColumn,3,n/a,5,n/a,11,4
net.sourceforge.ganttproject.gui.taskproperties.DependencyTableModel.TaskComboItem,3,1,0,0,6,5
net.sourceforge.ganttproject.gui.taskproperties.DependencyTableModelTest,2,4,2,0,15,3
net.sourceforge.ganttproject.gui.taskproperties.InternalStateListener,n/a,n/a,n/a,n/a,2,n/a
net.sourceforge.ganttproject.gui.taskproperties.ResourcesTableModel,9,2,4,0,53,38
net.sourceforge.ganttproject.gui.taskproperties.ResourcesTableModel.Column,2,n/a,4,n/a,7,3
net.sourceforge.ganttproject.gui.taskproperties.TaskAllocationsPanel,15,1,1,0,65,14
net.sourceforge.ganttproject.gui.taskproperties.TaskDependenciesPanel,19,1,1,0,39,19
net.sourceforge.ganttproject.gui.taskproperties.TaskScheduleDatesPanel,11,1,1,0,65,37
net.sourceforge.ganttproject.gui.view.GPView,n/a,n/a,n/a,n/a,3,n/a
net.sourceforge.ganttproject.gui.view.GPViewManager,n/a,n/a,n/a,n/a,9,n/a
net.sourceforge.ganttproject.gui.view.ViewHolder,8,1,2,0,21,12
net.sourceforge.ganttproject.gui.view.ViewManagerImpl,15,1,3,0,38,21
net.sourceforge.ganttproject.gui.window.ContentPaneBuilder,5,1,2,0,7,3
net.sourceforge.ganttproject.gui.window.ContentPaneBuilder.AnimationHostImpl,2,1,2,0,10,4
net.sourceforge.ganttproject.gui.zoom.ZoomEvent,7,2,1,0,3,2
net.sourceforge.ganttproject.gui.zoom.ZoomListener,n/a,n/a,n/a,n/a,1,n/a
net.sourceforge.ganttproject.gui.zoom.ZoomManager,20,1,1,0,29,17
net.sourceforge.ganttproject.gui.zoom.ZoomManager.ZoomState,7,1,2,0,9,6
net.sourceforge.ganttproject.importer.BufferProject,20,2,6,0,23,9
net.sourceforge.ganttproject.importer.FileChooserPage,8,2,5,0,20,10
net.sourceforge.ganttproject.importer.ImportFileWizardImpl,9,2,1,0,10,3
net.sourceforge.ganttproject.importer.Importer,n/a,n/a,n/a,n/a,9,n/a
net.sourceforge.ganttproject.importer.ImporterBase,11,1,6,5,35,19
net.sourceforge.ganttproject.importer.ImporterChooserPage,8,1,2,0,15,8
net.sourceforge.ganttproject.importer.ImporterFactory,7,1,1,0,11,6
net.sourceforge.ganttproject.importer.ImporterFromGanttFile,27,2,4,0,64,12
net.sourceforge.ganttproject.importer.ImporterFromGanttFile.TaskFieldImpl,1,1,10,0,11,11
net.sourceforge.ganttproject.importer.ImporterFromGanttFile.VisibleFieldsImpl,2,1,1,0,13,6
net.sourceforge.ganttproject.importer.ImporterFromTxtFile,5,2,3,0,11,4
net.sourceforge.ganttproject.io.AssignmentSaver,9,2,1,0,24,5
net.sourceforge.ganttproject.io.BurndownDataIO,3,1,1,0,23,12
net.sourceforge.ganttproject.io.CSVOptions,6,1,4,0,22,12
net.sourceforge.ganttproject.io.CalendarSaver,4,2,1,0,30,8
net.sourceforge.ganttproject.io.GPSaver,n/a,n/a,n/a,n/a,1,n/a
net.sourceforge.ganttproject.io.GanttChartViewSaver,1,2,1,0,16,5
net.sourceforge.ganttproject.io.GanttTXTOpen,3,1,1,0,11,4
net.sourceforge.ganttproject.io.GanttXMLOpen,16,1,4,0,22,11
net.sourceforge.ganttproject.io.GanttXMLOpen.DefaultTagHandler,9,2,2,0,33,23
net.sourceforge.ganttproject.io.GanttXMLOpen.TimelineTagHandler,8,2,3,0,20,8
net.sourceforge.ganttproject.io.GanttXMLSaver,26,2,1,0,61,22
net.sourceforge.ganttproject.io.HistorySaver,5,2,1,0,19,5
net.sourceforge.ganttproject.io.OptionSaver,3,2,1,0,14,8
net.sourceforge.ganttproject.io.ResourceSaver,10,2,1,0,40,10
net.sourceforge.ganttproject.io.SaverBase,12,1,4,13,28,12
net.sourceforge.ganttproject.io.TaskSaver,20,2,1,0,87,32
net.sourceforge.ganttproject.io.VacationSaver,6,2,1,0,16,4
net.sourceforge.ganttproject.io.ViewSaver,11,2,1,0,35,8
net.sourceforge.ganttproject.io.XmlParser,6,3,3,0,27,17
net.sourceforge.ganttproject.language.CharSetMap,2,1,2,0,44,44
net.sourceforge.ganttproject.language.GanttLanguage,120,1,3,0,109,57
net.sourceforge.ganttproject.language.GanttLanguage.CalendarFactoryImpl,1,2,3,0,7,3
net.sourceforge.ganttproject.language.GanttLanguage.Event,13,2,1,0,4,2
net.sourceforge.ganttproject.language.GanttLanguage.Listener,n/a,n/a,n/a,n/a,1,n/a
net.sourceforge.ganttproject.language.LanguageOption,4,3,4,2,26,13
net.sourceforge.ganttproject.language.ShortDateFormatOption,2,3,1,0,22,9
net.sourceforge.ganttproject.parser.AbstractTagHandler,20,1,1,19,21,18
net.sourceforge.ganttproject.parser.AllocationTagHandler,15,2,2,0,43,21
net.sourceforge.ganttproject.parser.ColorValueParser,2,1,1,0,2,1
net.sourceforge.ganttproject.parser.CustomPropertiesTagHandler,12,2,2,0,34,15
net.sourceforge.ganttproject.parser.CustomPropertiesTagHandler.CustomPropertiesStructure,1,1,3,0,4,4
net.sourceforge.ganttproject.parser.DefaultWeekTagHandler,2,2,1,0,14,7
net.sourceforge.ganttproject.parser.DependencyTagHandler,16,2,2,0,38,16
net.sourceforge.ganttproject.parser.DependencyTagHandler.GanttDependStructure,5,1,5,0,6,6
net.sourceforge.ganttproject.parser.FileFormatException,5,3,0,0,7,4
net.sourceforge.ganttproject.parser.GPParser,n/a,n/a,n/a,n/a,6,n/a
net.sourceforge.ganttproject.parser.HolidayTagHandler,8,2,1,0,32,16
net.sourceforge.ganttproject.parser.HolidayTagHandler.CalendarEventAttrs,1,1,0,0,7,2
net.sourceforge.ganttproject.parser.OptionTagHandler,2,2,1,0,12,6
net.sourceforge.ganttproject.parser.ParserFactory,n/a,n/a,n/a,n/a,2,n/a
net.sourceforge.ganttproject.parser.ParsingContext,7,1,2,0,13,6
net.sourceforge.ganttproject.parser.ParsingListener,n/a,n/a,n/a,n/a,2,n/a
net.sourceforge.ganttproject.parser.PreviousStateTasksTagHandler,5,2,3,0,25,14
net.sourceforge.ganttproject.parser.ResourceTagHandler,13,2,2,0,53,28
net.sourceforge.ganttproject.parser.RoleTagHandler,8,2,1,0,21,14
net.sourceforge.ganttproject.parser.TagHandler,n/a,n/a,n/a,n/a,4,n/a
net.sourceforge.ganttproject.parser.TaskDisplayColumnsTagHandler,4,2,2,0,17,17
net.sourceforge.ganttproject.parser.TaskPropertiesTagHandler,3,2,1,0,7,4
net.sourceforge.ganttproject.parser.TaskTagHandler,15,2,2,0,69,29
net.sourceforge.ganttproject.parser.VacationTagHandler,4,2,1,0,12,3
net.sourceforge.ganttproject.parser.ViewTagHandler,5,2,1,0,10,5
net.sourceforge.ganttproject.plugins.PluginManager,11,1,1,0,12,7
net.sourceforge.ganttproject.print.GanttPrintable,2,1,1,0,14,4
net.sourceforge.ganttproject.print.PrintManager,5,1,1,0,16,3
net.sourceforge.ganttproject.print.PrintPreview,17,6,1,0,142,44
net.sourceforge.ganttproject.print.PrintPreview.PagePreview,2,5,1,0,36,11
net.sourceforge.ganttproject.print.PrintPreview.PreviewContainer,1,5,1,0,13,11
net.sourceforge.ganttproject.print.PrintPreview.StatusBar,1,5,4,0,12,5
net.sourceforge.ganttproject.resource.AssignmentContext,n/a,n/a,n/a,n/a,1,n/a
net.sourceforge.ganttproject.resource.AssignmentNode,9,4,3,0,16,14
net.sourceforge.ganttproject.resource.HumanResource,65,1,4,0,68,47
net.sourceforge.ganttproject.resource.HumanResource.CustomPropertyImpl,4,1,2,0,5,4
net.sourceforge.ganttproject.resource.HumanResource.ResourceAssignmentImpl,4,1,6,0,16,11
net.sourceforge.ganttproject.resource.HumanResourceManager,52,1,4,0,57,42
net.sourceforge.ganttproject.resource.HumanResourceManager.ResourceBuilder,3,1,7,1,9,7
net.sourceforge.ganttproject.resource.HumanResourceMerger,n/a,n/a,n/a,n/a,2,n/a
net.sourceforge.ganttproject.resource.HumanResourceMerger.MergeResourcesOption,4,3,0,0,2,1
net.sourceforge.ganttproject.resource.LoadDistribution,7,1,2,0,36,29
net.sourceforge.ganttproject.resource.LoadDistribution.Load,3,1,1,0,3,3
net.sourceforge.ganttproject.resource.LoadDistributionTest,2,4,1,0,25,2
net.sourceforge.ganttproject.resource.OverwritingMerger,6,1,2,0,44,18
net.sourceforge.ganttproject.resource.ResourceContext,n/a,n/a,n/a,n/a,1,n/a
net.sourceforge.ganttproject.resource.ResourceEvent,6,2,3,0,6,6
net.sourceforge.ganttproject.resource.ResourceNode,9,4,2,0,37,31
net.sourceforge.ganttproject.resource.ResourceTableNode,5,3,5,2,9,2
net.sourceforge.ganttproject.resource.ResourceView,n/a,n/a,n/a,n/a,4,n/a
net.sourceforge.ganttproject.resource.TestImportResources,0,3,2,0,16,2
net.sourceforge.ganttproject.roles.Role,n/a,n/a,n/a,n/a,4,n/a
net.sourceforge.ganttproject.roles.RoleImpl,6,1,2,0,9,10
net.sourceforge.ganttproject.roles.RoleManager,n/a,n/a,n/a,n/a,12,n/a
net.sourceforge.ganttproject.roles.RoleManager.Access,7,1,1,0,2,1
net.sourceforge.ganttproject.roles.RoleManager.Listener,n/a,n/a,n/a,n/a,1,n/a
net.sourceforge.ganttproject.roles.RoleManager.RoleEvent,5,2,1,0,3,2
net.sourceforge.ganttproject.roles.RoleManagerImpl,10,1,2,0,52,28
net.sourceforge.ganttproject.roles.RolePersistentID,3,1,1,0,8,6
net.sourceforge.ganttproject.roles.RoleSet,n/a,n/a,n/a,n/a,11,n/a
net.sourceforge.ganttproject.roles.RoleSetImpl,5,1,2,0,28,20
net.sourceforge.ganttproject.roles.RoleSetTest,1,3,1,0,20,5
net.sourceforge.ganttproject.search.ResourceSearchService,6,2,2,0,15,5
net.sourceforge.ganttproject.search.ResourceSearchService.MySearchResult,3,2,0,0,3,1
net.sourceforge.ganttproject.search.SearchDialog,11,1,1,0,41,25
net.sourceforge.ganttproject.search.SearchDialog.SearchCallback,n/a,n/a,n/a,n/a,1,n/a
net.sourceforge.ganttproject.search.SearchResult,7,1,5,2,7,7
net.sourceforge.ganttproject.search.SearchService,n/a,n/a,n/a,n/a,3,n/a
net.sourceforge.ganttproject.search.SearchServiceBase,7,1,2,2,14,6
net.sourceforge.ganttproject.search.SearchUi,n/a,n/a,n/a,n/a,1,n/a
net.sourceforge.ganttproject.search.SearchUiImpl,8,1,1,0,11,4
net.sourceforge.ganttproject.search.SearchUiImpl.PopupSearchCallback,5,1,2,0,34,16
net.sourceforge.ganttproject.search.TaskSearchService,6,2,2,0,18,5
net.sourceforge.ganttproject.search.TaskSearchService.MySearchResult,3,2,0,0,3,1
net.sourceforge.ganttproject.shape.JPaintCombo,2,5,1,0,6,2
net.sourceforge.ganttproject.shape.PaintCellRenderer,1,5,1,0,12,6
net.sourceforge.ganttproject.task.BlankLineNode,1,2,0,0,2,1
net.sourceforge.ganttproject.task.CustomColumEvent,2,1,4,0,8,7
net.sourceforge.ganttproject.task.CustomColumn,10,1,2,0,31,23
net.sourceforge.ganttproject.task.CustomColumnsException,5,3,1,0,5,3
net.sourceforge.ganttproject.task.CustomColumnsManager,10,1,1,0,29,12
net.sourceforge.ganttproject.task.CustomColumnsStorage,8,1,2,0,47,23
net.sourceforge.ganttproject.task.CustomColumnsValues,18,1,2,0,38,18
net.sourceforge.ganttproject.task.CustomColumnsValues.CustomPropertyImpl,3,1,2,0,5,4
net.sourceforge.ganttproject.task.CustomColumsListener,n/a,n/a,n/a,n/a,1,n/a
net.sourceforge.ganttproject.task.CustomPropertyEvent,7,1,3,0,8,7
net.sourceforge.ganttproject.task.CustomPropertyListenerImpl,6,1,1,0,8,5
net.sourceforge.ganttproject.task.DurationParsingException,1,4,0,0,7,4
net.sourceforge.ganttproject.task.MutableResourceAssignmentCollection,n/a,n/a,n/a,n/a,2,n/a
net.sourceforge.ganttproject.task.MutableTask,n/a,n/a,n/a,n/a,17,n/a
net.sourceforge.ganttproject.task.ResourceAssignment,n/a,n/a,n/a,n/a,9,n/a
net.sourceforge.ganttproject.task.ResourceAssignmentCollection,n/a,n/a,n/a,n/a,5,n/a
net.sourceforge.ganttproject.task.ResourceAssignmentCollectionImpl,11,1,4,0,39,23
net.sourceforge.ganttproject.task.ResourceAssignmentCollectionImpl.MutationInfo,3,1,1,0,7,6
net.sourceforge.ganttproject.task.ResourceAssignmentCollectionImpl.ResourceAssignmentImpl,5,1,2,0,24,11
net.sourceforge.ganttproject.task.ResourceAssignmentCollectionImpl.ResourceAssignmentMutatorImpl,6,1,1,0,22,10
net.sourceforge.ganttproject.task.ResourceAssignmentCollectionImpl.ResourceAssignmentStub,6,1,6,0,15,11
net.sourceforge.ganttproject.task.ResourceAssignmentMutator,n/a,n/a,n/a,n/a,1,n/a
net.sourceforge.ganttproject.task.Task,n/a,n/a,n/a,n/a,41,n/a
net.sourceforge.ganttproject.task.Task.Cost,n/a,n/a,n/a,n/a,7,n/a
net.sourceforge.ganttproject.task.Task.Priority,10,n/a,3,n/a,13,11
net.sourceforge.ganttproject.task.TaskActivitiesAlgorithm,5,1,1,0,12,5
net.sourceforge.ganttproject.task.TaskActivity,n/a,n/a,n/a,n/a,3,n/a
net.sourceforge.ganttproject.task.TaskActivityImpl,4,1,5,0,18,10
net.sourceforge.ganttproject.task.TaskContainmentHierarchyFacade,n/a,n/a,n/a,n/a,19,n/a
net.sourceforge.ganttproject.task.TaskContainmentHierarchyFacade.Factory,n/a,n/a,n/a,n/a,1,n/a
net.sourceforge.ganttproject.task.TaskDocumentOrderComparator,6,1,1,0,6,4
net.sourceforge.ganttproject.task.TaskImpl,46,1,16,2,170,131
net.sourceforge.ganttproject.task.TaskImpl.CostImpl,3,1,1,0,10,8
net.sourceforge.ganttproject.task.TaskImpl.EventSender,n/a,n/a,n/a,n/a,2,n/a
net.sourceforge.ganttproject.task.TaskImpl.FieldChange,2,1,2,0,3,2
net.sourceforge.ganttproject.task.TaskImpl.MutatorException,1,4,0,0,2,1
net.sourceforge.ganttproject.task.TaskImpl.MutatorImpl,16,1,3,1,69,70
net.sourceforge.ganttproject.task.TaskImpl.ProgressEventSender,4,1,1,0,3,3
net.sourceforge.ganttproject.task.TaskImpl.PropertiesEventSender,4,1,1,0,3,3
net.sourceforge.ganttproject.task.TaskInfo,n/a,n/a,n/a,n/a,0,n/a
net.sourceforge.ganttproject.task.TaskManager,n/a,n/a,n/a,n/a,39,n/a
net.sourceforge.ganttproject.task.TaskManager.Access,6,1,1,0,2,1
net.sourceforge.ganttproject.task.TaskManager.TaskBuilder,9,1,17,1,17,16
net.sourceforge.ganttproject.task.TaskManagerConfig,n/a,n/a,n/a,n/a,7,n/a
net.sourceforge.ganttproject.task.TaskManagerImpl,71,1,7,0,262,173
net.sourceforge.ganttproject.task.TaskManagerImpl.FacadeFactoryImpl,4,1,1,0,1,1
net.sourceforge.ganttproject.task.TaskManagerImpl.FacadeImpl,6,1,10,0,54,49
net.sourceforge.ganttproject.task.TaskManagerImpl.TaskMap,5,1,1,0,24,11
net.sourceforge.ganttproject.task.TaskManagerImpl.TaskNamePrefixOption,3,3,3,0,8,4
net.sourceforge.ganttproject.task.TaskMutator,n/a,n/a,n/a,n/a,5,n/a
net.sourceforge.ganttproject.task.TaskNode,11,3,1,0,39,20
net.sourceforge.ganttproject.task.TaskProperties,18,1,1,0,56,56
net.sourceforge.ganttproject.task.TaskSelectionManager,27,1,1,0,36,28
net.sourceforge.ganttproject.task.TaskSelectionManager.Listener,n/a,n/a,n/a,n/a,2,n/a
net.sourceforge.ganttproject.task.TaskView,9,1,1,0,2,1
net.sourceforge.ganttproject.task.algorithm.AdjustTaskBoundsAlgorithm,15,2,1,1,30,12
net.sourceforge.ganttproject.task.algorithm.AdjustTaskBoundsAlgorithm.AlgorithmImpl,6,1,1,0,21,13
net.sourceforge.ganttproject.task.algorithm.AlgorithmBase,14,1,3,4,5,5
net.sourceforge.ganttproject.task.algorithm.AlgorithmBase.Diagnostic,n/a,n/a,n/a,n/a,1,n/a
net.sourceforge.ganttproject.task.algorithm.AlgorithmCollection,27,1,8,0,10,9
net.sourceforge.ganttproject.task.algorithm.AlgorithmException,3,3,0,0,2,1
net.sourceforge.ganttproject.task.algorithm.CostAlgorithmImpl,7,1,1,0,18,4
net.sourceforge.ganttproject.task.algorithm.CostAlgorithmTest,3,4,2,0,26,2
net.sourceforge.ganttproject.task.algorithm.CriticalPathAlgorithm,n/a,n/a,n/a,n/a,1,n/a
net.sourceforge.ganttproject.task.algorithm.CriticalPathAlgorithmImpl,9,1,1,0,23,6
net.sourceforge.ganttproject.task.algorithm.CriticalPathAlgorithmImpl.Node,6,1,2,0,18,11
net.sourceforge.ganttproject.task.algorithm.CriticalPathAlgorithmImpl.Processor,9,1,1,0,36,22
net.sourceforge.ganttproject.task.algorithm.DependencyGraph,20,1,2,0,83,71
net.sourceforge.ganttproject.task.algorithm.DependencyGraph.DependencyEdge,n/a,n/a,n/a,n/a,6,n/a
net.sourceforge.ganttproject.task.algorithm.DependencyGraph.ExplicitDependencyImpl,9,1,2,0,30,16
net.sourceforge.ganttproject.task.algorithm.DependencyGraph.GraphData,4,1,1,0,25,23
net.sourceforge.ganttproject.task.algorithm.DependencyGraph.ImplicitInheritedDependency,3,1,4,0,19,11
net.sourceforge.ganttproject.task.algorithm.DependencyGraph.ImplicitSubSuperTaskDependency,5,1,3,0,18,11
net.sourceforge.ganttproject.task.algorithm.DependencyGraph.Listener,n/a,n/a,n/a,n/a,1,n/a
net.sourceforge.ganttproject.task.algorithm.DependencyGraph.Logger,n/a,n/a,n/a,n/a,1,n/a
net.sourceforge.ganttproject.task.algorithm.DependencyGraph.Node,10,1,2,0,28,17
net.sourceforge.ganttproject.task.algorithm.DependencyGraph.NodeData,3,1,1,0,18,17
net.sourceforge.ganttproject.task.algorithm.DependencyGraph.Transaction,4,1,1,0,7,5
net.sourceforge.ganttproject.task.algorithm.DependencyGraphTest,3,4,1,0,45,21
net.sourceforge.ganttproject.task.algorithm.FindPossibleDependeesAlgorithm,n/a,n/a,n/a,n/a,1,n/a
net.sourceforge.ganttproject.task.algorithm.FindPossibleDependeesAlgorithmImpl,4,1,1,1,10,5
net.sourceforge.ganttproject.task.algorithm.ProjectBoundsAlgorithm,2,1,1,0,10,4
net.sourceforge.ganttproject.task.algorithm.ProjectBoundsAlgorithm.Result,1,1,0,0,1,1
net.sourceforge.ganttproject.task.algorithm.RecalculateTaskCompletionPercentageAlgorithm,8,2,1,1,15,13
net.sourceforge.ganttproject.task.algorithm.RecalculateTaskScheduleAlgorithm,25,2,1,2,63,40
net.sourceforge.ganttproject.task.algorithm.RetainRootsAlgorithm,5,1,1,0,8,5
net.sourceforge.ganttproject.task.algorithm.SchedulerImpl,17,2,2,0,67,36
net.sourceforge.ganttproject.task.algorithm.SchedulerTest,4,4,1,0,56,19
net.sourceforge.ganttproject.task.algorithm.ShiftTaskTreeAlgorithm,13,1,1,0,15,8
net.sourceforge.ganttproject.task.algorithm.SortTasksAlgorithm,3,1,2,0,3,14
net.sourceforge.ganttproject.task.dependency.EventDispatcher,n/a,n/a,n/a,n/a,3,n/a
net.sourceforge.ganttproject.task.dependency.LoopDetector,6,1,1,0,8,2
net.sourceforge.ganttproject.task.dependency.MutableTaskDependencyCollection,n/a,n/a,n/a,n/a,5,n/a
net.sourceforge.ganttproject.task.dependency.RangeSearchFromKey,3,2,0,0,3,1
net.sourceforge.ganttproject.task.dependency.RangeSearchToKey,3,2,0,0,3,1
net.sourceforge.ganttproject.task.dependency.SearchKey,5,1,1,2,9,10
net.sourceforge.ganttproject.task.dependency.TaskDependency,n/a,n/a,n/a,n/a,10,n/a
net.sourceforge.ganttproject.task.dependency.TaskDependency.ActivityBinding,n/a,n/a,n/a,n/a,3,n/a
net.sourceforge.ganttproject.task.dependency.TaskDependency.Hardness,22,1,2,2,6,8
net.sourceforge.ganttproject.task.dependency.TaskDependencyCollection,n/a,n/a,n/a,n/a,6,n/a
net.sourceforge.ganttproject.task.dependency.TaskDependencyCollectionImpl,20,1,2,1,61,37
net.sourceforge.ganttproject.task.dependency.TaskDependencyCollectionImpl.MutationInfo,2,1,1,0,2,2
net.sourceforge.ganttproject.task.dependency.TaskDependencyCollectionImpl.MutatorImpl,10,1,1,0,25,14
net.sourceforge.ganttproject.task.dependency.TaskDependencyCollectionMutator,n/a,n/a,n/a,n/a,1,n/a
net.sourceforge.ganttproject.task.dependency.TaskDependencyConstraint,n/a,n/a,n/a,n/a,7,n/a
net.sourceforge.ganttproject.task.dependency.TaskDependencyConstraint.Collision,n/a,n/a,n/a,n/a,3,n/a
net.sourceforge.ganttproject.task.dependency.TaskDependencyConstraint.DefaultCollision,5,1,3,0,4,4
net.sourceforge.ganttproject.task.dependency.TaskDependencyConstraint.Type,15,n/a,3,n/a,11,6
net.sourceforge.ganttproject.task.dependency.TaskDependencyException,25,4,0,0,7,4
net.sourceforge.ganttproject.task.dependency.TaskDependencyImpl,9,1,5,0,33,28
net.sourceforge.ganttproject.task.dependency.TaskDependencySlice,n/a,n/a,n/a,n/a,5,n/a
net.sourceforge.ganttproject.task.dependency.TaskDependencySliceAsDependant,6,2,1,0,6,2
net.sourceforge.ganttproject.task.dependency.TaskDependencySliceAsDependee,6,2,1,0,6,2
net.sourceforge.ganttproject.task.dependency.TaskDependencySliceImpl,8,1,1,2,21,14
net.sourceforge.ganttproject.task.dependency.constraint.ConstraintImpl,10,1,5,4,21,13
net.sourceforge.ganttproject.task.dependency.constraint.DependencyActivityBindingImpl,6,1,3,0,4,4
net.sourceforge.ganttproject.task.dependency.constraint.FinishFinishConstraintImpl,17,2,2,0,35,9
net.sourceforge.ganttproject.task.dependency.constraint.FinishStartConstraintImpl,19,2,2,0,31,9
net.sourceforge.ganttproject.task.dependency.constraint.StartFinishConstraintImpl,16,2,2,0,36,9
net.sourceforge.ganttproject.task.dependency.constraint.StartStartConstraintImpl,15,2,2,0,31,8
net.sourceforge.ganttproject.task.event.TaskDependencyEvent,9,2,1,0,3,2
net.sourceforge.ganttproject.task.event.TaskHierarchyEvent,7,2,3,0,5,4
net.sourceforge.ganttproject.task.event.TaskListener,n/a,n/a,n/a,n/a,10,n/a
net.sourceforge.ganttproject.task.event.TaskListenerAdapter,6,1,10,9,10,10
net.sourceforge.ganttproject.task.event.TaskPropertyEvent,6,2,1,0,3,2
net.sourceforge.ganttproject.task.event.TaskScheduleEvent,8,2,5,0,8,6
net.sourceforge.ganttproject.task.hierarchy.TaskHierarchyItem,4,1,2,0,11,17
net.sourceforge.ganttproject.task.hierarchy.TaskHierarchyManagerImpl,4,1,1,0,3,2
net.sourceforge.ganttproject.test.task.ImportTasksTestCase,2,4,2,0,32,5
net.sourceforge.ganttproject.test.task.TaskTestCase,36,3,1,32,25,11
net.sourceforge.ganttproject.test.task.TestCriticalPath,2,4,10,0,32,10
net.sourceforge.ganttproject.test.task.TestCriticalPath.LaggedDependencyChainCriticalPathTester,2,1,1,0,17,2
net.sourceforge.ganttproject.test.task.TestLocalCriticalPath,1,4,3,0,21,3
net.sourceforge.ganttproject.test.task.TestResourceAssignments,1,3,1,0,45,21
net.sourceforge.ganttproject.test.task.TestTaskActivitiesRecalculation,1,4,2,0,18,2
net.sourceforge.ganttproject.test.task.TestTaskBounds,2,4,1,0,16,1
net.sourceforge.ganttproject.test.task.TestTaskCompletionPercentage,1,4,4,0,17,4
net.sourceforge.ganttproject.test.task.calendar.TestSetLength,3,5,1,0,16,3
net.sourceforge.ganttproject.test.task.calendar.TestWeekendCalendar,4,4,2,1,28,6
net.sourceforge.ganttproject.test.task.calendar.TestWorkingUnitCounter,2,4,1,0,19,3
net.sourceforge.ganttproject.test.task.dependency.Test1362749,1,4,1,0,19,1
net.sourceforge.ganttproject.test.task.dependency.TestDependencyActivityBinding,1,4,2,0,25,10
net.sourceforge.ganttproject.test.task.dependency.TestDependencyCycle,1,4,1,0,12,4
net.sourceforge.ganttproject.test.task.dependency.TestDependencyFormatting,2,4,3,0,38,9
net.sourceforge.ganttproject.test.task.dependency.TestFinishFinishDependency,3,4,1,0,30,3
net.sourceforge.ganttproject.test.task.dependency.TestRecalculateTaskScheduleAlgorithm,1,4,1,0,24,5
net.sourceforge.ganttproject.test.task.dependency.TestStartFinishDepedency,2,4,3,0,16,3
net.sourceforge.ganttproject.test.task.dependency.TestSupertaskAdjustment,2,4,3,0,22,3
net.sourceforge.ganttproject.test.task.dependency.TestTaskDependencyCommon,1,4,5,0,40,12
net.sourceforge.ganttproject.test.task.event.TestTaskDependencyEvent,2,4,2,0,11,4
net.sourceforge.ganttproject.test.task.event.TestTaskDependencyEvent.TaskListenerImpl,1,2,1,2,2,2
net.sourceforge.ganttproject.test.task.event.TestTaskHierarchyEvent,2,4,1,0,6,2
net.sourceforge.ganttproject.test.task.event.TestTaskHierarchyEvent.TaskListenerImpl,1,2,1,1,2,2
net.sourceforge.ganttproject.test.task.event.TestTaskScheduleEvent,2,4,2,0,19,3
net.sourceforge.ganttproject.test.task.event.TestTaskScheduleEvent.TaskListenerImpl,1,2,1,0,4,3
net.sourceforge.ganttproject.test.task.hierarchy.TestTaskDocumentOrder,1,4,1,0,12,1
net.sourceforge.ganttproject.test.task.hierarchy.TestTaskHierarchy,1,4,2,0,19,3
net.sourceforge.ganttproject.test.task.hierarchy.TestTaskIndentOutdent,2,4,1,0,24,10
net.sourceforge.ganttproject.test.time.GregorianTimeStackTest,0,3,1,0,10,5
net.sourceforge.ganttproject.test.time.TestWeekFramer,1,3,1,0,23,5
net.sourceforge.ganttproject.test.time.TestWeekFramer.TestCalendarFactory,1,1,1,0,2,1
net.sourceforge.ganttproject.undo.GPUndoListener,n/a,n/a,n/a,n/a,1,n/a
net.sourceforge.ganttproject.undo.GPUndoManager,n/a,n/a,n/a,n/a,10,n/a
net.sourceforge.ganttproject.undo.UndoManagerImpl,10,1,4,1,37,21
net.sourceforge.ganttproject.undo.UndoableEditImpl,9,2,2,0,28,10
net.sourceforge.ganttproject.util.BrowserControl,6,1,1,0,27,29
net.sourceforge.ganttproject.util.BrowserControl.Platforms,1,n/a,2,n/a,2,0
net.sourceforge.ganttproject.util.ColorConvertion,8,1,2,0,4,2
net.sourceforge.ganttproject.util.DateUtils,2,1,1,0,7,4
net.sourceforge.ganttproject.util.FileUtil,2,1,1,0,14,9
net.sourceforge.ganttproject.util.MathUtil,0,1,1,0,1,3
net.sourceforge.ganttproject.util.MouseUtil,4,1,1,0,9,5
net.sourceforge.ganttproject.util.PropertiesUtil,5,1,1,0,7,3
net.sourceforge.ganttproject.util.StringUtils,4,1,5,0,16,14
net.sourceforge.ganttproject.util.collect.Pair,25,1,3,0,4,4
net.sourceforge.ganttproject.wizard.AbstractFileChooserPage,11,1,1,1,63,43
net.sourceforge.ganttproject.wizard.AbstractFileChooserPage.UrlFetcher,2,1,1,1,35,14
net.sourceforge.ganttproject.wizard.AbstractWizard,11,1,2,1,48,26
net.sourceforge.ganttproject.wizard.WizardPage,n/a,n/a,n/a,n/a,3,n/a
org.ganttproject.WebStartIDClass,0,1,0,0,0,0
org.ganttproject.chart.Panel,2,5,16,2,19,15
org.ganttproject.chart.PanelStyler,8,1,2,4,13,7
org.ganttproject.chart.burndownchart.BurndownChartPanel,2,6,3,0,20,8
org.ganttproject.chart.burndownchart.Graph,3,2,4,1,7,2
org.ganttproject.chart.burndownchart.GraphPanel,7,2,1,0,45,22
org.ganttproject.chart.burndownchart.GraphPanel.COLOR,3,n/a,2,n/a,4,1
org.ganttproject.chart.burndownchart.RemainingEffortGraph,4,3,1,0,40,18
org.ganttproject.chart.burndownchart.RemainingTasksGraph,3,2,1,0,19,8
org.ganttproject.chart.pert.ActivityOnNodePertChart,5,6,12,0,85,142
org.ganttproject.chart.pert.ActivityOnNodePertChart.GraphicalArrow,3,1,1,0,12,5
org.ganttproject.chart.pert.ActivityOnNodePertChart.GraphicalNode,6,4,1,0,35,14
org.ganttproject.chart.pert.PertChart,2,5,12,1,28,16
org.ganttproject.chart.pert.PertChartAbstraction,5,1,1,0,19,12
org.ganttproject.chart.pert.PertChartAbstraction.TaskGraphNode,3,1,3,0,20,12
org.ganttproject.chart.pert.PertChartAbstraction.Type,2,1,0,0,0,0
org.ganttproject.chart.pert.WebStartIDClass,0,1,0,0,0,0
org.ganttproject.chart.planner.PlannerPainter,4,2,4,0,11,7
org.ganttproject.chart.planner.PlannerPainter.DrawGraph,3,1,1,0,32,20
org.ganttproject.chart.planner.PlannerPainter.DrawStatistics,3,1,1,0,19,3
org.ganttproject.chart.planner.PlannerPanel,5,6,2,0,22,7
org.ganttproject.impex.htmlpdf.AbstractEngine,1,1,1,1,8,6
org.ganttproject.impex.htmlpdf.ExporterToHTML,7,3,8,0,24,26
org.ganttproject.impex.htmlpdf.ExporterToHTML.HTMLStylesheetImpl,5,2,3,0,17,8
org.ganttproject.impex.htmlpdf.ExporterToPDF,4,3,6,0,26,15
org.ganttproject.impex.htmlpdf.HTMLStylesheet,n/a,n/a,n/a,n/a,7,n/a
org.ganttproject.impex.htmlpdf.HTMLStylesheet.InputVersion,n/a,n/a,n/a,n/a,0,n/a
org.ganttproject.impex.htmlpdf.HtmlSerializer,2,3,2,0,34,6
org.ganttproject.impex.htmlpdf.PDFStylesheet,n/a,n/a,n/a,n/a,0,n/a
org.ganttproject.impex.htmlpdf.PropertyFetcher,1,1,2,0,51,7
org.ganttproject.impex.htmlpdf.Stylesheet,n/a,n/a,n/a,n/a,2,n/a
org.ganttproject.impex.htmlpdf.StylesheetExporterBase,3,2,3,2,24,14
org.ganttproject.impex.htmlpdf.StylesheetFactoryImpl,4,1,1,2,15,3
org.ganttproject.impex.htmlpdf.StylesheetImpl,3,1,2,2,4,4
org.ganttproject.impex.htmlpdf.WebStartIDClass,0,1,0,0,0,0
org.ganttproject.impex.htmlpdf.XmlSerializer,3,2,3,1,66,36
org.ganttproject.impex.htmlpdf.fonts.TTFontCache,8,1,1,0,53,34
org.ganttproject.impex.htmlpdf.fonts.TTFontCache.AwtFontSupplier,1,1,1,0,9,7
org.ganttproject.impex.htmlpdf.fonts.TTFontCache.BaseFontPublicMorozov,1,2,1,0,2,1
org.ganttproject.impex.htmlpdf.fonts.TTFontCache.FontKey,1,1,0,0,7,16
org.ganttproject.impex.htmlpdf.itext.ChartWriter,3,1,1,0,39,9
org.ganttproject.impex.htmlpdf.itext.FontSubstitutionModel,7,1,3,0,26,12
org.ganttproject.impex.htmlpdf.itext.FontSubstitutionModel.FontSubstitution,4,1,1,0,8,5
org.ganttproject.impex.htmlpdf.itext.FontSubstitutionPanel,4,1,1,0,27,21
org.ganttproject.impex.htmlpdf.itext.ITextEngine,10,2,2,0,61,25
org.ganttproject.impex.htmlpdf.itext.ITextStylesheet,n/a,n/a,n/a,n/a,2,n/a
org.ganttproject.impex.htmlpdf.itext.ThemeImpl,8,2,12,0,183,74
org.w3c.util.DateParser,3,1,1,0,36,29
org.w3c.util.InvalidDateException,3,3,0,0,2,1

